株ID,株名,最小,最大
1,日本株1,300,400
2,日本株2,400,450
3,日本株3,450,500
4,日本株4,500,550
5,日本株5,550,600
6,日本株6,600,650
7,日本株7,650,700
8,日本株8,700,750
9,日本株9,750,800
10,日本株10,800,850
11,日本株11,850,900
12,日本株12,900,950
13,日本株13,950,1000
14,日本株14,1000,1050
15,日本株15,1050,1100
16,日本株16,1100,1150
17,日本株17,1150,1200
18,日本株18,1200,1250
19,日本株19,1250,1300
20,日本株20,1300,1350
21,日本株21,1350,1400
22,日本株22,1400,1450
23,日本株23,1450,1500
24,日本株24,1500,1550
25,日本株25,1550,1600
26,日本株26,1600,1650
27,日本株27,1650,1700
28,日本株28,1700,1750
29,日本株29,1750,1800
30,日本株30,1800,1850
31,日本株31,1850,1900
32,日本株32,1900,1950
33,日本株33,1950,2000
34,日本株34,2000,2050
35,日本株35,2050,2100
36,日本株36,2100,2150
37,日本株37,2150,2200
38,日本株38,2200,2250
39,日本株39,2250,2300
40,日本株40,2300,2350
41,日本株41,2350,2400
42,日本株42,2400,2450
43,日本株43,2450,2500
44,日本株44,2500,2550
45,日本株45,2550,2600
46,日本株46,2600,2650
47,日本株47,2650,2700
48,日本株48,2700,2750
49,日本株49,2750,2800
50,日本株50,2800,2850
51,日本株51,2850,2900
52,日本株52,2900,2950
53,日本株53,2950,3000
54,日本株54,3000,3050
55,日本株55,3050,3100
56,日本株56,3100,3150
57,日本株57,3150,3200
58,日本株58,3200,3250
59,日本株59,3250,3300
60,日本株60,3300,3350
61,日本株61,3350,3400
62,日本株62,3400,3450
63,日本株63,3450,3500
64,日本株64,3500,3550
65,日本株65,3550,3600
66,日本株66,3600,3650
67,日本株67,3650,3700
68,日本株68,3700,3750
69,日本株69,3750,3800
70,日本株70,3800,3850
71,日本株71,3850,3900
72,日本株72,3900,3950
73,日本株73,3950,4000
74,日本株74,4000,4050
75,日本株75,4050,4100
76,日本株76,4100,4150
77,日本株77,4150,4200
78,日本株78,4200,4250
79,日本株79,4250,4300
80,日本株80,4300,4350
81,日本株81,4350,4400
82,日本株82,4400,4450
83,日本株83,4450,4500
84,日本株84,4500,4550
85,日本株85,4550,4600
86,日本株86,4600,4650
87,日本株87,4650,4700
88,日本株88,4700,4750
89,日本株89,4750,4800
90,日本株90,4800,4850
91,日本株91,4850,4900
92,日本株92,4900,4950
93,日本株93,4950,5000
94,日本株94,5000,5050
95,日本株95,5050,5100
96,日本株96,5100,5150
97,日本株97,5150,5200
98,日本株98,5200,5250
99,日本株99,5250,5300
100,日本株100,5300,5350
101,日本株101,5350,5400
102,日本株102,5400,5450
103,日本株103,5450,5500
104,日本株104,5500,5550
105,日本株105,5550,5600
106,日本株106,5600,5650
107,日本株107,5650,5700
108,日本株108,5700,5750
109,日本株109,5750,5800
110,日本株110,5800,5850
111,日本株111,5850,5900
112,日本株112,5900,5950
113,日本株113,5950,6000
114,日本株114,6000,6050
115,日本株115,6050,6100
116,日本株116,6100,6150
117,日本株117,6150,6200
118,日本株118,6200,6250
119,日本株119,6250,6300
120,日本株120,6300,6350
121,日本株121,6350,6400
122,日本株122,6400,6450
123,日本株123,6450,6500
124,日本株124,6500,6550
125,日本株125,6550,6600
126,日本株126,6600,6650
127,日本株127,6650,6700
128,日本株128,6700,6750
129,日本株129,6750,6800
130,日本株130,6800,6850
131,日本株131,6850,6900
132,日本株132,6900,6950
133,日本株133,6950,7000
134,日本株134,7000,7050
135,日本株135,7050,7100
136,日本株136,7100,7150
137,日本株137,7150,7200
138,日本株138,7200,7250
139,日本株139,7250,7300
140,日本株140,7300,7350
141,日本株141,7350,7400
142,日本株142,7400,7450
143,日本株143,7450,7500
144,日本株144,7500,7550
145,日本株145,7550,7600
146,日本株146,7600,7650
147,日本株147,7650,7700
148,日本株148,7700,7750
149,日本株149,7750,7800
150,日本株150,7800,7850
151,日本株151,7850,7900
152,日本株152,7900,7950
153,日本株153,7950,8000
154,日本株154,8000,8050
155,日本株155,8050,8100
156,日本株156,8100,8150
157,日本株157,8150,8200
158,日本株158,8200,8250
159,日本株159,8250,8300
160,日本株160,8300,8350
161,日本株161,8350,8400
162,日本株162,8400,8450
163,日本株163,8450,8500
164,日本株164,8500,8550
165,日本株165,8550,8600
166,日本株166,8600,8650
167,日本株167,8650,8700
168,日本株168,8700,8750
169,日本株169,8750,8800
170,日本株170,8800,8850
171,日本株171,8850,8900
172,日本株172,8900,8950
173,日本株173,8950,9000
174,日本株174,9000,9050
175,日本株175,9050,9100
176,日本株176,9100,9150
177,日本株177,9150,9200
178,日本株178,9200,9250
179,日本株179,9250,9300
180,日本株180,9300,9350
181,日本株181,9350,9400
182,日本株182,9400,9450
183,日本株183,9450,9500
184,日本株184,9500,9550
185,日本株185,9550,9600
186,日本株186,9600,9650
187,日本株187,9650,9700
188,日本株188,9700,9750
189,日本株189,9750,9800
190,日本株190,9800,9850
191,日本株191,9850,9900
192,日本株192,9900,9950
193,日本株193,9950,10000
194,日本株194,10000,10050
195,日本株195,10050,10100
196,日本株196,10100,10150
197,日本株197,10150,10200
198,日本株198,10200,10250
199,日本株199,10250,10300
200,日本株200,10300,10350
201,日本株201,10350,10400
202,日本株202,10400,10450
203,日本株203,10450,10500
204,日本株204,10500,10550
205,日本株205,10550,10600
206,日本株206,10600,10650
207,日本株207,10650,10700
208,日本株208,10700,10750
209,日本株209,10750,10800
210,日本株210,10800,10850
211,日本株211,10850,10900
212,日本株212,10900,10950
213,日本株213,10950,11000
214,日本株214,11000,11050
215,日本株215,11050,11100
216,日本株216,11100,11150
217,日本株217,11150,11200
218,日本株218,11200,11250
219,日本株219,11250,11300
220,日本株220,11300,11350
221,日本株221,11350,11400
222,日本株222,11400,11450
223,日本株223,11450,11500
224,日本株224,11500,11550
225,日本株225,11550,11600
226,日本株226,11600,11650
227,日本株227,11650,11700
228,日本株228,11700,11750
229,日本株229,11750,11800
230,日本株230,11800,11850
231,日本株231,11850,11900
232,日本株232,11900,11950
233,日本株233,11950,12000
234,日本株234,12000,12050
235,日本株235,12050,12100
236,日本株236,12100,12150
237,日本株237,12150,12200
238,日本株238,12200,12250
239,日本株239,12250,12300
240,日本株240,12300,12350
241,日本株241,12350,12400
242,日本株242,12400,12450
243,日本株243,12450,12500
244,日本株244,12500,12550
245,日本株245,12550,12600
246,日本株246,12600,12650
247,日本株247,12650,12700
248,日本株248,12700,12750
249,日本株249,12750,12800
250,日本株250,12800,12850
251,日本株251,12850,12900
252,日本株252,12900,12950
253,日本株253,12950,13000
254,日本株254,13000,13050
255,日本株255,13050,13100
256,日本株256,358,408
257,日本株257,408,458
258,日本株258,458,508
259,日本株259,508,558
260,日本株260,558,608
261,日本株261,608,658
262,日本株262,658,708
263,日本株263,708,758
264,日本株264,758,808
265,日本株265,808,858
266,日本株266,858,908
267,日本株267,908,958
268,日本株268,958,1008
269,日本株269,1008,1058
270,日本株270,1058,1108
271,日本株271,1108,1158
272,日本株272,1158,1208
273,日本株273,1208,1258
274,日本株274,1258,1308
275,日本株275,1308,1358
276,日本株276,1358,1408
277,日本株277,1408,1458
278,日本株278,1458,1508
279,日本株279,1508,1558
280,日本株280,1558,1608
281,日本株281,1608,1658
282,日本株282,1658,1708
283,日本株283,1708,1758
284,日本株284,1758,1808
285,日本株285,1808,1858
286,日本株286,1858,1908
287,日本株287,1908,1958
288,日本株288,1958,2008
289,日本株289,2008,2058
290,日本株290,2058,2108
291,日本株291,2108,2158
292,日本株292,2158,2208
293,日本株293,2208,2258
294,日本株294,2258,2308
295,日本株295,2308,2358
296,日本株296,2358,2408
297,日本株297,2408,2458
298,日本株298,2458,2508
299,日本株299,2508,2558
300,日本株300,2558,2608
301,日本株301,2608,2658
302,日本株302,2658,2708
303,日本株303,2708,2758
304,日本株304,2758,2808
305,日本株305,2808,2858
306,日本株306,2858,2908
307,日本株307,2908,2958
308,日本株308,2958,3008
309,日本株309,3008,3058
310,日本株310,3058,3108
311,日本株311,3108,3158
312,日本株312,3158,3208
313,日本株313,3208,3258
314,日本株314,3258,3308
315,日本株315,3308,3358
316,日本株316,3358,3408
317,日本株317,3408,3458
318,日本株318,3458,3508
319,日本株319,3508,3558
320,日本株320,3558,3608
321,日本株321,3608,3658
322,日本株322,3658,3708
323,日本株323,3708,3758
324,日本株324,3758,3808
325,日本株325,3808,3858
326,日本株326,3858,3908
327,日本株327,3908,3958
328,日本株328,3958,4008
329,日本株329,4008,4058
330,日本株330,4058,4108
331,日本株331,4108,4158
332,日本株332,4158,4208
333,日本株333,4208,4258
334,日本株334,4258,4308
335,日本株335,4308,4358
336,日本株336,4358,4408
337,日本株337,4408,4458
338,日本株338,4458,4508
339,日本株339,4508,4558
340,日本株340,4558,4608
341,日本株341,4608,4658
342,日本株342,4658,4708
343,日本株343,4708,4758
344,日本株344,4758,4808
345,日本株345,4808,4858
346,日本株346,4858,4908
347,日本株347,4908,4958
348,日本株348,4958,5008
349,日本株349,5008,5058
350,日本株350,5058,5108
351,日本株351,5108,5158
352,日本株352,5158,5208
353,日本株353,5208,5258
354,日本株354,5258,5308
355,日本株355,5308,5358
356,日本株356,5358,5408
357,日本株357,5408,5458
358,日本株358,5458,5508
359,日本株359,5508,5558
360,日本株360,5558,5608
361,日本株361,5608,5658
362,日本株362,5658,5708
363,日本株363,5708,5758
364,日本株364,5758,5808
365,日本株365,5808,5858
366,日本株366,5858,5908
367,日本株367,5908,5958
368,日本株368,5958,6008
369,日本株369,6008,6058
370,日本株370,6058,6108
371,日本株371,6108,6158
372,日本株372,6158,6208
373,日本株373,6208,6258
374,日本株374,6258,6308
375,日本株375,6308,6358
376,日本株376,6358,6408
377,日本株377,6408,6458
378,日本株378,6458,6508
379,日本株379,6508,6558
380,日本株380,6558,6608
381,日本株381,6608,6658
382,日本株382,6658,6708
383,日本株383,6708,6758
384,日本株384,6758,6808
385,日本株385,6808,6858
386,日本株386,6858,6908
387,日本株387,6908,6958
388,日本株388,6958,7008
389,日本株389,7008,7058
390,日本株390,7058,7108
391,日本株391,7108,7158
392,日本株392,7158,7208
393,日本株393,7208,7258
394,日本株394,7258,7308
395,日本株395,7308,7358
396,日本株396,7358,7408
397,日本株397,7408,7458
398,日本株398,7458,7508
399,日本株399,7508,7558
400,日本株400,7558,7608
401,日本株401,7608,7658
402,日本株402,7658,7708
403,日本株403,7708,7758
404,日本株404,7758,7808
405,日本株405,7808,7858
406,日本株406,7858,7908
407,日本株407,7908,7958
408,日本株408,7958,8008
409,日本株409,8008,8058
410,日本株410,8058,8108
411,日本株411,8108,8158
412,日本株412,8158,8208
413,日本株413,8208,8258
414,日本株414,8258,8308
415,日本株415,8308,8358
416,日本株416,8358,8408
417,日本株417,8408,8458
418,日本株418,8458,8508
419,日本株419,8508,8558
420,日本株420,8558,8608
421,日本株421,8608,8658
422,日本株422,8658,8708
423,日本株423,8708,8758
424,日本株424,8758,8808
425,日本株425,8808,8858
426,日本株426,8858,8908
427,日本株427,8908,8958
428,日本株428,8958,9008
429,日本株429,9008,9058
430,日本株430,9058,9108
431,日本株431,9108,9158
432,日本株432,9158,9208
433,日本株433,9208,9258
434,日本株434,9258,9308
435,日本株435,9308,9358
436,日本株436,9358,9408
437,日本株437,9408,9458
438,日本株438,9458,9508
439,日本株439,9508,9558
440,日本株440,9558,9608
441,日本株441,9608,9658
442,日本株442,9658,9708
443,日本株443,9708,9758
444,日本株444,9758,9808
445,日本株445,9808,9858
446,日本株446,9858,9908
447,日本株447,9908,9958
448,日本株448,9958,10008
449,日本株449,10008,10058
450,日本株450,10058,10108
451,日本株451,10108,10158
452,日本株452,10158,10208
453,日本株453,10208,10258
454,日本株454,10258,10308
455,日本株455,10308,10358
456,日本株456,10358,10408
457,日本株457,10408,10458
458,日本株458,10458,10508
459,日本株459,10508,10558
460,日本株460,10558,10608
461,日本株461,10608,10658
462,日本株462,10658,10708
463,日本株463,10708,10758
464,日本株464,10758,10808
465,日本株465,10808,10858
466,日本株466,10858,10908
467,日本株467,10908,10958
468,日本株468,10958,11008
469,日本株469,11008,11058
470,日本株470,11058,11108
471,日本株471,11108,11158
472,日本株472,11158,11208
473,日本株473,11208,11258
474,日本株474,11258,11308
475,日本株475,11308,11358
476,日本株476,11358,11408
477,日本株477,11408,11458
478,日本株478,11458,11508
479,日本株479,11508,11558
480,日本株480,11558,11608
481,日本株481,11608,11658
482,日本株482,11658,11708
483,日本株483,11708,11758
484,日本株484,11758,11808
485,日本株485,11808,11858
486,日本株486,11858,11908
487,日本株487,11908,11958
488,日本株488,11958,12008
489,日本株489,12008,12058
490,日本株490,12058,12108
491,日本株491,12108,12158
492,日本株492,12158,12208
493,日本株493,12208,12258
494,日本株494,12258,12308
495,日本株495,12308,12358
496,日本株496,12358,12408
497,日本株497,12408,12458
498,日本株498,12458,12508
499,日本株499,12508,12558
500,日本株500,12558,12608
501,日本株501,12608,12658
502,日本株502,12658,12708
503,日本株503,12708,12758
504,日本株504,12758,12808
505,日本株505,12808,12858
506,日本株506,12858,12908
507,日本株507,12908,12958
508,日本株508,12958,13008
509,日本株509,13008,13058
510,日本株510,13058,13108
511,日本株511,13108,13158
512,日本株512,13158,13208
513,日本株513,13208,13258
514,日本株514,13258,13308
515,日本株515,13308,13358
516,日本株516,13358,13408
517,日本株517,13408,13458
518,日本株518,13458,13508
519,日本株519,13508,13558
520,日本株520,13558,13608
521,日本株521,13608,13658
522,日本株522,13658,13708
523,日本株523,875,925
524,日本株524,925,975
525,日本株525,975,1025
526,日本株526,1025,1075
527,日本株527,1075,1125
528,日本株528,1125,1175
529,日本株529,1175,1225
530,日本株530,1225,1275
531,日本株531,1275,1325
532,日本株532,1325,1375
533,日本株533,1375,1425
534,日本株534,1425,1475
535,日本株535,1475,1525
536,日本株536,1525,1575
537,日本株537,1575,1625
538,日本株538,1625,1675
539,日本株539,1675,1725
540,日本株540,1725,1775
541,日本株541,1775,1825
542,日本株542,1825,1875
543,日本株543,1875,1925
544,日本株544,1925,1975
545,日本株545,1975,2025
546,日本株546,2025,2075
547,日本株547,2075,2125
548,日本株548,2125,2175
549,日本株549,2175,2225
550,日本株550,2225,2275
551,日本株551,2275,2325
552,日本株552,2325,2375
553,日本株553,2375,2425
554,日本株554,2425,2475
555,日本株555,2475,2525
556,日本株556,2525,2575
557,日本株557,2575,2625
558,日本株558,2625,2675
559,日本株559,2675,2725
560,日本株560,2725,2775
561,日本株561,2775,2825
562,日本株562,2825,2875
563,日本株563,2875,2925
564,日本株564,2925,2975
565,日本株565,2975,3025
566,日本株566,3025,3075
567,日本株567,3075,3125
568,日本株568,3125,3175
569,日本株569,3175,3225
570,日本株570,3225,3275
571,日本株571,3275,3325
572,日本株572,3325,3375
573,日本株573,3375,3425
574,日本株574,3425,3475
575,日本株575,3475,3525
576,日本株576,3525,3575
577,日本株577,3575,3625
578,日本株578,3625,3675
579,日本株579,3675,3725
580,日本株580,3725,3775
581,日本株581,3775,3825
582,日本株582,3825,3875
583,日本株583,3875,3925
584,日本株584,3925,3975
585,日本株585,3975,4025
586,日本株586,4025,4075
587,日本株587,4075,4125
588,日本株588,4125,4175
589,日本株589,4175,4225
590,日本株590,4225,4275
591,日本株591,4275,4325
592,日本株592,4325,4375
593,日本株593,4375,4425
594,日本株594,4425,4475
595,日本株595,4475,4525
596,日本株596,4525,4575
597,日本株597,4575,4625
598,日本株598,4625,4675
599,日本株599,4675,4725
600,日本株600,4725,4775
601,日本株601,4775,4825
602,日本株602,4825,4875
603,日本株603,4875,4925
604,日本株604,4925,4975
605,日本株605,4975,5025
606,日本株606,5025,5075
607,日本株607,5075,5125
608,日本株608,5125,5175
609,日本株609,5175,5225
610,日本株610,5225,5275
611,日本株611,5275,5325
612,日本株612,5325,5375
613,日本株613,5375,5425
614,日本株614,5425,5475
615,日本株615,5475,5525
616,日本株616,578,628
617,日本株617,628,678
618,日本株618,678,728
619,日本株619,728,778
620,日本株620,778,828
621,日本株621,828,878
622,日本株622,878,928
623,日本株623,928,978
624,日本株624,978,1028
625,日本株625,1028,1078
626,日本株626,1078,1128
627,日本株627,1128,1178
628,日本株628,1178,1228
629,日本株629,1228,1278
630,日本株630,1278,1328
631,日本株631,1328,1378
632,日本株632,1378,1428
633,日本株633,1428,1478
634,日本株634,1478,1528
635,日本株635,1528,1578
636,日本株636,1578,1628
637,日本株637,1628,1678
638,日本株638,1678,1728
639,日本株639,1728,1778
640,日本株640,1778,1828
641,日本株641,1828,1878
642,日本株642,1878,1928
643,日本株643,1928,1978
644,日本株644,1978,2028
645,日本株645,2028,2078
646,日本株646,2078,2128
647,日本株647,2128,2178
648,日本株648,2178,2228
649,日本株649,2228,2278
650,日本株650,2278,2328
651,日本株651,2328,2378
652,日本株652,2378,2428
653,日本株653,2428,2478
654,日本株654,2478,2528
655,日本株655,2528,2578
656,日本株656,2578,2628
657,日本株657,2628,2678
658,日本株658,2678,2728
659,日本株659,2728,2778
660,日本株660,2778,2828
661,日本株661,2828,2878
662,日本株662,2878,2928
663,日本株663,2928,2978
664,日本株664,2978,3028
665,日本株665,3028,3078
666,日本株666,3078,3128
667,日本株667,3128,3178
668,日本株668,3178,3228
669,日本株669,3228,3278
670,日本株670,3278,3328
671,日本株671,3328,3378
672,日本株672,3378,3428
673,日本株673,3428,3478
674,日本株674,3478,3528
675,日本株675,3528,3578
676,日本株676,3578,3628
677,日本株677,3628,3678
678,日本株678,3678,3728
679,日本株679,3728,3778
680,日本株680,3778,3828
681,日本株681,3828,3878
682,日本株682,3878,3928
683,日本株683,3928,3978
684,日本株684,3978,4028
685,日本株685,4028,4078
686,日本株686,4078,4128
687,日本株687,4128,4178
688,日本株688,4178,4228
689,日本株689,4228,4278
690,日本株690,4278,4328
691,日本株691,4328,4378
692,日本株692,4378,4428
693,日本株693,4428,4478
694,日本株694,4478,4528
695,日本株695,4528,4578
696,日本株696,4578,4628
697,日本株697,4628,4678
698,日本株698,4678,4728
699,日本株699,4728,4778
700,日本株700,4778,4828
701,日本株701,4828,4878
702,日本株702,4878,4928
703,日本株703,4928,4978
704,日本株704,4978,5028
705,日本株705,5028,5078
706,日本株706,5078,5128
707,日本株707,5128,5178
708,日本株708,5178,5228
709,日本株709,5228,5278
710,日本株710,5278,5328
711,日本株711,5328,5378
712,日本株712,5378,5428
713,日本株713,5428,5478
714,日本株714,5478,5528
715,日本株715,5528,5578
716,日本株716,5578,5628
717,日本株717,5628,5678
718,日本株718,5678,5728
719,日本株719,5728,5778
720,日本株720,5778,5828
721,日本株721,5828,5878
722,日本株722,5878,5928
723,日本株723,5928,5978
724,日本株724,5978,6028
725,日本株725,6028,6078
726,日本株726,6078,6128
727,日本株727,6128,6178
728,日本株728,6178,6228
729,日本株729,6228,6278
730,日本株730,6278,6328
731,日本株731,6328,6378
732,日本株732,6378,6428
733,日本株733,6428,6478
734,日本株734,6478,6528
735,日本株735,6528,6578
736,日本株736,6578,6628
737,日本株737,6628,6678
738,日本株738,6678,6728
739,日本株739,6728,6778
740,日本株740,6778,6828
741,日本株741,6828,6878
742,日本株742,6878,6928
743,日本株743,6928,6978
744,日本株744,6978,7028
745,日本株745,7028,7078
746,日本株746,7078,7128
747,日本株747,7128,7178
748,日本株748,7178,7228
749,日本株749,7228,7278
750,日本株750,7278,7328
751,日本株751,7328,7378
752,日本株752,7378,7428
753,日本株753,7428,7478
754,日本株754,7478,7528
755,日本株755,7528,7578
756,日本株756,7578,7628
757,日本株757,7628,7678
758,日本株758,7678,7728
759,日本株759,7728,7778
760,日本株760,7778,7828
761,日本株761,7828,7878
762,日本株762,7878,7928
763,日本株763,7928,7978
764,日本株764,7978,8028
765,日本株765,8028,8078
766,日本株766,8078,8128
767,日本株767,8128,8178
768,日本株768,8178,8228
769,日本株769,8228,8278
770,日本株770,8278,8328
771,日本株771,8328,8378
772,日本株772,8378,8428
773,日本株773,8428,8478
774,日本株774,8478,8528
775,日本株775,8528,8578
776,日本株776,8578,8628
777,日本株777,8628,8678
778,日本株778,8678,8728
779,日本株779,8728,8778
780,日本株780,8778,8828
781,日本株781,8828,8878
782,日本株782,8878,8928
783,日本株783,8928,8978
784,日本株784,8978,9028
785,日本株785,9028,9078
786,日本株786,9078,9128
787,日本株787,9128,9178
788,日本株788,9178,9228
789,日本株789,9228,9278
790,日本株790,9278,9328
791,日本株791,9328,9378
792,日本株792,9378,9428
793,日本株793,9428,9478
794,日本株794,9478,9528
795,日本株795,9528,9578
796,日本株796,9578,9628
797,日本株797,9628,9678
798,日本株798,9678,9728
799,日本株799,9728,9778
800,日本株800,9778,9828
801,日本株801,9828,9878
802,日本株802,9878,9928
803,日本株803,9928,9978
804,日本株804,9978,10028
805,日本株805,10028,10078
806,日本株806,10078,10128
807,日本株807,10128,10178
808,日本株808,10178,10228
809,日本株809,10228,10278
810,日本株810,10278,10328
811,日本株811,10328,10378
812,日本株812,10378,10428
813,日本株813,10428,10478
814,日本株814,10478,10528
815,日本株815,10528,10578
816,日本株816,10578,10628
817,日本株817,10628,10678
818,日本株818,10678,10728
819,日本株819,10728,10778
820,日本株820,10778,10828
821,日本株821,10828,10878
822,日本株822,10878,10928
823,日本株823,10928,10978
824,日本株824,10978,11028
825,日本株825,11028,11078
826,日本株826,11078,11128
827,日本株827,11128,11178
828,日本株828,11178,11228
829,日本株829,11228,11278
830,日本株830,11278,11328
831,日本株831,11328,11378
832,日本株832,11378,11428
833,日本株833,11428,11478
834,日本株834,11478,11528
835,日本株835,11528,11578
836,日本株836,11578,11628
837,日本株837,11628,11678
838,日本株838,11678,11728
839,日本株839,11728,11778
840,日本株840,11778,11828
841,日本株841,11828,11878
842,日本株842,11878,11928
843,日本株843,11928,11978
844,日本株844,11978,12028
845,日本株845,12028,12078
846,日本株846,12078,12128
847,日本株847,765,815
848,日本株848,815,865
849,日本株849,865,915
850,日本株850,915,965
851,日本株851,965,1015
852,日本株852,1015,1065
853,日本株853,1065,1115
854,日本株854,1115,1165
855,日本株855,1165,1215
856,日本株856,1215,1265
857,日本株857,1265,1315
858,日本株858,1315,1365
859,日本株859,1365,1415
860,日本株860,1415,1465
861,日本株861,1465,1515
862,日本株862,1515,1565
863,日本株863,1565,1615
864,日本株864,1615,1665
865,日本株865,1665,1715
866,日本株866,1715,1765
867,日本株867,1765,1815
868,日本株868,1815,1865
869,日本株869,1865,1915
870,日本株870,1915,1965
871,日本株871,1965,2015
872,日本株872,2015,2065
873,日本株873,2065,2115
874,日本株874,2115,2165
875,日本株875,2165,2215
876,日本株876,2215,2265
877,日本株877,2265,2315
878,日本株878,2315,2365
879,日本株879,2365,2415
880,日本株880,2415,2465
881,日本株881,2465,2515
882,日本株882,2515,2565
883,日本株883,2565,2615
884,日本株884,2615,2665
885,日本株885,2665,2715
886,日本株886,2715,2765
887,日本株887,2765,2815
888,日本株888,2815,2865
889,日本株889,2865,2915
890,日本株890,2915,2965
891,日本株891,2965,3015
892,日本株892,3015,3065
893,日本株893,3065,3115
894,日本株894,3115,3165
895,日本株895,3165,3215
896,日本株896,3215,3265
897,日本株897,3265,3315
898,日本株898,3315,3365
899,日本株899,3365,3415
900,日本株900,3415,3465
901,日本株901,3465,3515
902,日本株902,3515,3565
903,日本株903,3565,3615
904,日本株904,3615,3665
905,日本株905,3665,3715
906,日本株906,3715,3765
907,日本株907,3765,3815
908,日本株908,3815,3865
909,日本株909,3865,3915
910,日本株910,3915,3965
911,日本株911,3965,4015
912,日本株912,4015,4065
913,日本株913,4065,4115
914,日本株914,4115,4165
915,日本株915,4165,4215
916,日本株916,4215,4265
917,日本株917,4265,4315
918,日本株918,4315,4365
919,日本株919,4365,4415
920,日本株920,4415,4465
921,日本株921,4465,4515
922,日本株922,4515,4565
923,日本株923,4565,4615
924,日本株924,4615,4665
925,日本株925,4665,4715
926,日本株926,4715,4765
927,日本株927,4765,4815
928,日本株928,4815,4865
929,日本株929,4865,4915
930,日本株930,4915,4965
931,日本株931,4965,5015
932,日本株932,5015,5065
933,日本株933,5065,5115
934,日本株934,5115,5165
935,日本株935,5165,5215
936,日本株936,5215,5265
937,日本株937,5265,5315
938,日本株938,5315,5365
939,日本株939,5365,5415
940,日本株940,5415,5465
941,日本株941,5465,5515
942,日本株942,5515,5565
943,日本株943,5565,5615
944,日本株944,5615,5665
945,日本株945,5665,5715
946,日本株946,5715,5765
947,日本株947,5765,5815
948,日本株948,5815,5865
949,日本株949,5865,5915
950,日本株950,5915,5965
951,日本株951,5965,6015
952,日本株952,6015,6065
953,日本株953,6065,6115
954,日本株954,6115,6165
955,日本株955,6165,6215
956,日本株956,6215,6265
957,日本株957,6265,6315
958,日本株958,6315,6365
959,日本株959,6365,6415
960,日本株960,6415,6465
961,日本株961,6465,6515
962,日本株962,6515,6565
963,日本株963,6565,6615
964,日本株964,6615,6665
965,日本株965,6665,6715
966,日本株966,6715,6765
967,日本株967,6765,6815
968,日本株968,6815,6865
969,日本株969,6865,6915
970,日本株970,6915,6965
971,日本株971,6965,7015
972,日本株972,7015,7065
973,日本株973,7065,7115
974,日本株974,7115,7165
975,日本株975,7165,7215
976,日本株976,7215,7265
977,日本株977,7265,7315
978,日本株978,7315,7365
979,日本株979,7365,7415
980,日本株980,7415,7465
981,日本株981,7465,7515
982,日本株982,7515,7565
983,日本株983,7565,7615
984,日本株984,7615,7665
985,日本株985,7665,7715
986,日本株986,7715,7765
987,日本株987,7765,7815
988,日本株988,7815,7865
989,日本株989,7865,7915
990,日本株990,7915,7965
991,日本株991,7965,8015
992,日本株992,8015,8065
993,日本株993,8065,8115
994,日本株994,8115,8165
995,日本株995,8165,8215
996,日本株996,8215,8265
997,日本株997,8265,8315
998,日本株998,8315,8365
999,日本株999,8365,8415
1000,日本株1000,8415,8465
1001,米国株1001,13000,14000
1002,米国株1002,14000,14900
1003,米国株1003,14900,15800
1004,米国株1004,15800,16700
1005,米国株1005,13000,14000
1006,米国株1006,14000,14900
1007,米国株1007,13000,14000
1008,米国株1008,14000,14900
1009,米国株1009,13000,14000
1010,米国株1010,14000,14900
1011,米国株1011,13000,14000
1012,米国株1012,14000,14900
1013,米国株1013,13000,14000
1014,米国株1014,14000,14400
1015,米国株1015,14400,14800
1016,米国株1016,14800,15200
1017,米国株1017,13002,13402
1018,米国株1018,13402,13802
1019,米国株1019,13802,14202
1020,米国株1020,14202,14602
1021,米国株1021,13003,13403
1022,米国株1022,13403,13803
1023,米国株1023,13803,14203
1024,米国株1024,14203,14603
1025,米国株1025,13002,13402
1026,米国株1026,13402,13802
1027,米国株1027,13802,14202
1028,米国株1028,13001,13401
1029,米国株1029,13401,13801
1030,米国株1030,13801,14201
1031,米国株1031,14201,14601
1032,米国株1032,13002,13402
1033,米国株1033,13402,13802
1034,米国株1034,13802,14202
1035,米国株1035,14202,14602
1036,米国株1036,13003,13403
1037,米国株1037,13403,13803
1038,米国株1038,13803,14203
1039,米国株1039,14203,14603
1040,米国株1040,13002,13402
1041,米国株1041,13402,13802
1042,米国株1042,13802,14202
1043,米国株1043,14202,14602
1044,米国株1044,13003,13403
1045,米国株1045,13403,13803
1046,米国株1046,13803,14203
1047,米国株1047,14203,14603
1048,米国株1048,13004,13404
1049,米国株1049,13404,13804
1050,米国株1050,13804,14204
1051,米国株1051,14204,14604
1052,米国株1052,13003,13403
1053,米国株1053,13403,13803
1054,米国株1054,13803,14203
1055,米国株1055,13002,13402
1056,米国株1056,13402,13802
1057,米国株1057,13802,14202
1058,米国株1058,14202,14602
1059,米国株1059,13003,13403
1060,米国株1060,13403,13803
1061,米国株1061,13803,14203
1062,米国株1062,14203,14603
1063,米国株1063,13004,13404
1064,米国株1064,13404,13804
1065,米国株1065,13804,14204
1066,米国株1066,14204,14604
1067,米国株1067,13003,13403
1068,米国株1068,13403,13803
1069,米国株1069,13803,14203
1070,米国株1070,14203,14603
1071,米国株1071,13004,13404
1072,米国株1072,13404,13804
1073,米国株1073,13804,14204
1074,米国株1074,14204,14604
1075,米国株1075,13005,13405
1076,米国株1076,13405,13805
1077,米国株1077,13805,14205
1078,米国株1078,14205,14605
1079,米国株1079,13004,13404
1080,米国株1080,13404,13804
1081,米国株1081,13804,14204
1082,米国株1082,13003,13403
1083,米国株1083,13403,13803
1084,米国株1084,13803,14203
1085,米国株1085,14203,14603
1086,米国株1086,13004,13404
1087,米国株1087,13404,13804
1088,米国株1088,13804,14204
1089,米国株1089,14204,14604
1090,米国株1090,13005,13405
1091,米国株1091,13405,13805
1092,米国株1092,13805,14205
1093,米国株1093,14205,14605
1094,米国株1094,13004,13404
1095,米国株1095,13404,13804
1096,米国株1096,13804,14204
1097,米国株1097,14204,14604
1098,米国株1098,13005,13405
1099,米国株1099,13405,13805
1100,米国株1100,13805,14205
1101,米国株1101,14205,14605
1102,米国株1102,19876,20276
1103,米国株1103,20276,20676
1104,米国株1104,20676,21076
1105,米国株1105,21076,21476
1106,米国株1106,13005,13405
1107,米国株1107,13405,13805
1108,米国株1108,13805,14205
1109,米国株1109,13004,13404
1110,米国株1110,13404,13804
1111,米国株1111,13804,14204
1112,米国株1112,14204,14604
1113,米国株1113,13005,13405
1114,米国株1114,13405,13805
1115,米国株1115,13805,14205
1116,米国株1116,14205,14605
1117,米国株1117,13006,13406
1118,米国株1118,13406,13806
1119,米国株1119,13806,14206
1120,米国株1120,14206,14606
1121,米国株1121,13005,13405
1122,米国株1122,28769,29169
1123,米国株1123,29169,29569
1124,米国株1124,29569,29969
1125,米国株1125,13006,13406
1126,米国株1126,13406,13806
1127,米国株1127,13806,14206
1128,米国株1128,14206,14606
1129,米国株1129,13007,13407
1130,米国株1130,13407,13807
1131,米国株1131,13807,14207
1132,米国株1132,14207,14607
1133,米国株1133,38987,47973
1134,米国株1134,47973,53620
1135,米国株1135,53620,62607
1136,米国株1136,38988,47974
1137,米国株1137,47974,53621
1138,米国株1138,53621,62608
1139,米国株1139,38989,47975
1140,米国株1140,47975,53622
1141,米国株1141,53622,62609
1142,米国株1142,38990,47976
1143,米国株1143,47976,53623
1144,米国株1144,53623,62610
1145,米国株1145,38988,47974
1146,米国株1146,47974,53621
1147,米国株1147,53621,62608
1148,米国株1148,38989,47975
1149,米国株1149,47975,53622
1150,米国株1150,53622,62609
1151,米国株1151,38990,47976
1152,米国株1152,47976,53623
1153,米国株1153,53623,62610
1154,米国株1154,38991,47977
1155,米国株1155,47977,53624
1156,米国株1156,53624,62611
1157,米国株1157,38989,47975
1158,米国株1158,47975,53622
1159,米国株1159,53622,62609
1160,米国株1160,38990,47976
1161,米国株1161,47976,53623
1162,米国株1162,53623,62610
1163,米国株1163,38988,47974
1164,米国株1164,47974,53621
1165,米国株1165,53621,62608
1166,米国株1166,38989,47975
1167,米国株1167,47975,53622
1168,米国株1168,53622,62609
1169,米国株1169,38990,47976
1170,米国株1170,47976,53623
1171,米国株1171,38988,47974
1172,米国株1172,47974,53621
1173,米国株1173,53621,62608
1174,米国株1174,38989,47975
1175,米国株1175,47975,53622
1176,米国株1176,53622,62609
1177,米国株1177,38990,47976
1178,米国株1178,47976,53623
1179,米国株1179,13008,13408
1180,米国株1180,13408,13808
1181,米国株1181,13808,14208
1182,米国株1182,14208,14608
1183,米国株1183,13009,13409
1184,米国株1184,13409,13809
1185,米国株1185,13809,14209
1186,米国株1186,14209,14609
1187,米国株1187,13008,13408
1188,米国株1188,13408,13808
1189,米国株1189,13808,14208
1190,米国株1190,13007,13407
1191,米国株1191,13407,13807
1192,米国株1192,13807,14207
1193,米国株1193,14207,14607
1194,米国株1194,13008,13408
1195,米国株1195,13408,13808
1196,米国株1196,13808,14208
1197,米国株1197,14208,14608
1198,米国株1198,13009,13409
1199,米国株1199,13409,13809
1200,米国株1200,13809,14209
1201,米国株1201,14209,14609
1202,米国株1202,13008,13408
1203,米国株1203,13408,13808
1204,米国株1204,13808,14208
1205,米国株1205,14208,14608
1206,米国株1206,13009,13409
1207,米国株1207,13409,13809
1208,米国株1208,13809,14209
1209,米国株1209,14209,14609
1210,米国株1210,13010,13410
1211,米国株1211,13410,13810
1212,米国株1212,13810,14210
1213,米国株1213,14210,14610
1214,米国株1214,13009,13409
1215,米国株1215,13409,13809
1216,米国株1216,13809,14209
1217,米国株1217,13008,13408
1218,米国株1218,13408,13808
1219,米国株1219,13808,14208
1220,米国株1220,14208,14608
1221,米国株1221,13009,13409
1222,米国株1222,13409,13809
1223,米国株1223,13809,14209
1224,米国株1224,14209,14609
1225,米国株1225,13010,13410
1226,米国株1226,13410,13810
1227,米国株1227,13810,14210
1228,米国株1228,14210,14610
1229,米国株1229,13009,13409
1230,米国株1230,13409,13809
1231,米国株1231,13809,14209
1232,米国株1232,14209,14609
1233,米国株1233,13010,13410
1234,米国株1234,13410,13810
1235,米国株1235,13810,14210
1236,米国株1236,14210,14610
1237,米国株1237,13011,13411
1238,米国株1238,13411,13811
1239,米国株1239,13811,14211
1240,米国株1240,14211,14611
1241,米国株1241,13010,13410
1242,米国株1242,13410,13810
1243,米国株1243,13810,14210
1244,米国株1244,13009,13409
1245,米国株1245,13409,13809
1246,米国株1246,13809,14209
1247,米国株1247,14209,14609
1248,米国株1248,13010,13410
1249,米国株1249,13410,13810
1250,米国株1250,13810,14210
1251,米国株1251,14210,14610
1252,米国株1252,13011,13411
1253,米国株1253,13411,13811
1254,米国株1254,13811,14211
1255,米国株1255,14211,14611
1256,米国株1256,13010,13410
1257,米国株1257,13410,13810
1258,米国株1258,13810,14210
1259,米国株1259,14210,14610
1260,米国株1260,13011,13411
1261,米国株1261,13411,13811
1262,米国株1262,13811,14211
1263,米国株1263,14211,14611
1264,米国株1264,13012,13412
1265,米国株1265,13412,13812
1266,米国株1266,13812,14212
1267,米国株1267,14212,14612
1268,米国株1268,13011,13411
1269,米国株1269,13411,13811
1270,米国株1270,13811,14211
1271,米国株1271,13010,13410
1272,米国株1272,13410,13810
1273,米国株1273,13810,14210
1274,米国株1274,14210,14610
1275,米国株1275,13011,13411
1276,米国株1276,13411,13811
1277,米国株1277,13811,14211
1278,米国株1278,14211,14611
1279,米国株1279,13012,13412
1280,米国株1280,13412,13812
1281,米国株1281,13812,14212
1282,米国株1282,14212,14612
1283,米国株1283,13011,13411
1284,米国株1284,13411,13811
1285,米国株1285,13811,14211
1286,米国株1286,14211,14611
1287,米国株1287,13012,13412
1288,米国株1288,13412,13812
1289,米国株1289,13812,14212
1290,米国株1290,14212,14612
1291,米国株1291,13013,13413
1292,米国株1292,13413,13813
1293,米国株1293,13813,14213
1294,米国株1294,14213,14613
1295,米国株1295,13012,13412
1296,米国株1296,13412,13812
1297,米国株1297,13812,14212
1298,米国株1298,13011,13411
1299,米国株1299,13411,13811
1300,米国株1300,13811,14211
1301,米国株1301,14211,14611
1302,米国株1302,13012,13412
1303,米国株1303,13412,13812
1304,米国株1304,13812,14212
1305,米国株1305,14212,14612
1306,米国株1306,13013,13413
1307,米国株1307,13413,13813
1308,米国株1308,13813,14213
1309,米国株1309,14213,14613
1310,米国株1310,13012,13412
1311,米国株1311,13412,13812
1312,米国株1312,13812,14212
1313,米国株1313,14212,14612
1314,米国株1314,13013,13413
1315,米国株1315,13413,13813
1316,米国株1316,13813,14213
1317,米国株1317,14213,14613
1318,米国株1318,13014,13414
1319,米国株1319,13414,13814
1320,米国株1320,13814,14214
1321,米国株1321,14214,14614
1322,米国株1322,13013,13413
1323,米国株1323,13413,13813
1324,米国株1324,13813,14213
1325,米国株1325,13012,13412
1326,米国株1326,13412,13812
1327,米国株1327,13812,14212
1328,米国株1328,14212,14612
1329,米国株1329,13013,13413
1330,米国株1330,13413,13813
1331,米国株1331,13813,14213
1332,米国株1332,14213,14613
1333,米国株1333,13014,13414
1334,米国株1334,13414,13814
1335,米国株1335,13814,14214
1336,米国株1336,14214,14614
1337,米国株1337,13013,13413
1338,米国株1338,13413,13813
1339,米国株1339,13813,14213
1340,米国株1340,14213,14613
1341,米国株1341,13014,13414
1342,米国株1342,13414,13814
1343,米国株1343,13814,14214
1344,米国株1344,14214,14614
1345,米国株1345,13015,13415
1346,米国株1346,13415,13815
1347,米国株1347,13815,14215
1348,米国株1348,14215,14615
1349,米国株1349,13014,13414
1350,米国株1350,13414,13814
1351,米国株1351,13814,14214
1352,米国株1352,13013,13413
1353,米国株1353,13413,13813
1354,米国株1354,13813,14213
1355,米国株1355,14213,14613
1356,米国株1356,13014,13414
1357,米国株1357,13414,13814
1358,米国株1358,13814,14214
1359,米国株1359,14214,14614
1360,米国株1360,13015,13415
1361,米国株1361,13415,13815
1362,米国株1362,13815,14215
1363,米国株1363,14215,14615
1364,米国株1364,13014,13414
1365,米国株1365,13414,13814
1366,米国株1366,13814,14214
1367,米国株1367,14214,14614
1368,米国株1368,13015,13415
1369,米国株1369,13415,13815
1370,米国株1370,13815,14215
1371,米国株1371,14215,14615
1372,米国株1372,13016,13416
1373,米国株1373,13416,13816
1374,米国株1374,13816,14216
1375,米国株1375,14216,14616
1376,米国株1376,13015,13415
1377,米国株1377,13415,13815
1378,米国株1378,13815,14215
1379,米国株1379,13014,13414
1380,米国株1380,13414,13814
1381,米国株1381,13814,14214
1382,米国株1382,14214,14614
1383,米国株1383,13015,13415
1384,米国株1384,13415,13815
1385,米国株1385,13815,14215
1386,米国株1386,14215,14615
1387,米国株1387,13016,13416
1388,米国株1388,13416,13816
1389,米国株1389,13816,14216
1390,米国株1390,14216,14616
1391,米国株1391,13015,13415
1392,米国株1392,13415,13815
1393,米国株1393,13815,14215
1394,米国株1394,14215,14615
1395,米国株1395,13016,13416
1396,米国株1396,13416,13816
1397,米国株1397,13816,14216
1398,米国株1398,14216,14616
1399,米国株1399,13017,13417
1400,米国株1400,13417,13817
1401,米国株1401,13817,14217
1402,米国株1402,14217,14617
1403,米国株1403,13016,13416
1404,米国株1404,13416,13816
1405,米国株1405,13816,14216
1406,米国株1406,13015,13415
1407,米国株1407,13415,13815
1408,米国株1408,13815,14215
1409,米国株1409,14215,14615
1410,米国株1410,13016,13416
1411,米国株1411,13416,13816
1412,米国株1412,13816,14216
1413,米国株1413,14216,14616
1414,米国株1414,13017,13417
1415,米国株1415,13417,13817
1416,米国株1416,13817,14217
1417,米国株1417,14217,14617
1418,米国株1418,13016,13416
1419,米国株1419,13416,13816
1420,米国株1420,13816,14216
1421,米国株1421,14216,14616
1422,米国株1422,13017,13417
1423,米国株1423,13417,13817
1424,米国株1424,13817,14217
1425,米国株1425,14217,14617
1426,米国株1426,13018,13418
1427,米国株1427,13418,13818
1428,米国株1428,13818,14218
1429,米国株1429,14218,14618
1430,米国株1430,13017,13417
1431,米国株1431,13417,13817
1432,米国株1432,13817,14217
1433,米国株1433,13016,13416
1434,米国株1434,13416,13816
1435,米国株1435,13816,14216
1436,米国株1436,14216,14616
1437,米国株1437,13017,13417
1438,米国株1438,13417,13817
1439,米国株1439,13817,14217
1440,米国株1440,14217,14617
1441,米国株1441,13018,13418
1442,米国株1442,13418,13818
1443,米国株1443,13818,14218
1444,米国株1444,14218,14618
1445,米国株1445,13017,13417
1446,米国株1446,13417,13817
1447,米国株1447,13817,14217
1448,米国株1448,14217,14617
1449,米国株1449,13018,13418
1450,米国株1450,13418,13818
1451,米国株1451,13818,14218
1452,米国株1452,14218,14618
1453,米国株1453,13019,13419
1454,米国株1454,13419,13819
1455,米国株1455,13819,14219
1456,米国株1456,14219,14619
1457,米国株1457,13018,13418
1458,米国株1458,13418,13818
1459,米国株1459,13818,14218
1460,米国株1460,13017,13417
1461,米国株1461,13417,13817
1462,米国株1462,13817,14217
1463,米国株1463,14217,14617
1464,米国株1464,13018,13418
1465,米国株1465,13418,13818
1466,米国株1466,13818,14218
1467,米国株1467,14218,14618
1468,米国株1468,13019,13419
1469,米国株1469,13419,13819
1470,米国株1470,13819,14219
1471,米国株1471,14219,14619
1472,米国株1472,13018,13418
1473,米国株1473,13418,13818
1474,米国株1474,13818,14218
1475,米国株1475,14218,14618
1476,米国株1476,13019,13419
1477,米国株1477,13419,13819
1478,米国株1478,13819,14219
1479,米国株1479,14219,14619
1480,米国株1480,13020,13420
1481,米国株1481,13420,13820
1482,米国株1482,13820,14220
1483,米国株1483,14220,14620
1484,米国株1484,13019,13419
1485,米国株1485,13419,13819
1486,米国株1486,13819,14219
1487,米国株1487,13018,13418
1488,米国株1488,13418,13818
1489,米国株1489,13818,14218
1490,米国株1490,14218,14618
1491,米国株1491,13019,13419
1492,米国株1492,13419,13819
1493,米国株1493,13819,14219
1494,米国株1494,14219,14619
1495,米国株1495,13020,13420
1496,米国株1496,13420,13820
1497,米国株1497,13820,14220
1498,米国株1498,14220,14620
1499,米国株1499,13019,13419
1500,米国株1500,13419,13819
1501,米国株1501,13819,14219
1502,米国株1502,14219,14619
1503,米国株1503,13020,13420
1504,米国株1504,13420,13820
1505,米国株1505,13820,14220
1506,米国株1506,14220,14620
1507,米国株1507,13021,13421
1508,米国株1508,13421,13821
1509,米国株1509,13821,14221
1510,米国株1510,14221,14621
1511,米国株1511,13020,13420
1512,米国株1512,13420,13820
1513,米国株1513,13820,14220
1514,米国株1514,13019,13419
1515,米国株1515,13419,13819
1516,米国株1516,13819,14219
1517,米国株1517,14219,14619
1518,米国株1518,13020,13420
1519,米国株1519,13420,13820
1520,米国株1520,13820,14220
1521,米国株1521,14220,14620
1522,米国株1522,13021,13421
1523,米国株1523,13421,13821
1524,米国株1524,13821,14221
1525,米国株1525,14221,14621
1526,米国株1526,13020,13420
1527,米国株1527,13420,13820
1528,米国株1528,13820,14220
1529,米国株1529,14220,14620
1530,米国株1530,13021,13421
1531,米国株1531,13421,13821
1532,米国株1532,13821,14221
1533,米国株1533,14221,14621
1534,米国株1534,13022,13422
1535,米国株1535,13422,13822
1536,米国株1536,13822,14222
1537,米国株1537,14222,14622
1538,米国株1538,13021,13421
1539,米国株1539,13421,13821
1540,米国株1540,13821,14221
1541,米国株1541,13020,13420
1542,米国株1542,13420,13820
1543,米国株1543,13820,14220
1544,米国株1544,14220,14620
1545,米国株1545,13021,13421
1546,米国株1546,13421,13821
1547,米国株1547,13821,14221
1548,米国株1548,14221,14621
1549,米国株1549,13022,13422
1550,米国株1550,13422,13822
1551,米国株1551,13822,14222
1552,米国株1552,14222,14622
1553,米国株1553,13021,13421
1554,米国株1554,13421,13821
1555,米国株1555,13821,14221
1556,米国株1556,14221,14621
1557,米国株1557,13022,13422
1558,米国株1558,13422,13822
1559,米国株1559,13822,14222
1560,米国株1560,14222,14622
1561,米国株1561,13023,13423
1562,米国株1562,13423,13823
1563,米国株1563,13823,14223
1564,米国株1564,14223,14623
1565,米国株1565,13022,13422
1566,米国株1566,13422,13822
1567,米国株1567,13822,14222
1568,米国株1568,13021,13421
1569,米国株1569,13421,13821
1570,米国株1570,13821,14221
1571,米国株1571,14221,14621
1572,米国株1572,13022,13422
1573,米国株1573,13422,13822
1574,米国株1574,13822,14222
1575,米国株1575,14222,14622
1576,米国株1576,13023,13423
1577,米国株1577,13423,13823
1578,米国株1578,13823,14223
1579,米国株1579,14223,14623
1580,米国株1580,13022,13422
1581,米国株1581,13422,13822
1582,米国株1582,13822,14222
1583,米国株1583,14222,14622
1584,米国株1584,13023,13423
1585,米国株1585,13423,13823
1586,米国株1586,13823,14223
1587,米国株1587,14223,14623
1588,米国株1588,13024,13424
1589,米国株1589,13424,13824
1590,米国株1590,13824,14224
1591,米国株1591,14224,14624
1592,米国株1592,13023,13423
1593,米国株1593,13423,13823
1594,米国株1594,13823,14223
1595,米国株1595,13022,13422
1596,米国株1596,13422,13822
1597,米国株1597,13822,14222
1598,米国株1598,14222,14622
1599,米国株1599,13023,13423
1600,米国株1600,13423,13823
1601,米国株1601,13823,14223
1602,米国株1602,14223,14623
1603,米国株1603,13001,13401
1604,米国株1604,13401,13801
1605,米国株1605,13801,14201
1606,米国株1606,14201,14601
1607,米国株1607,13002,13402
1608,米国株1608,13402,13802
1609,米国株1609,13802,14202
1610,米国株1610,14202,14602
1611,米国株1611,13003,13403
1612,米国株1612,13403,13803
1613,米国株1613,13803,14203
1614,米国株1614,14203,14603
1615,米国株1615,13002,13402
1616,米国株1616,13402,13802
1617,米国株1617,13802,14202
1618,米国株1618,14202,14602
1619,米国株1619,13003,13403
1620,米国株1620,13403,13803
1621,米国株1621,13803,14203
1622,米国株1622,14203,14603
1623,米国株1623,13004,13404
1624,米国株1624,13404,13804
1625,米国株1625,13804,14204
1626,米国株1626,14204,14604
1627,米国株1627,13003,13403
1628,米国株1628,13403,13803
1629,米国株1629,13803,14203
1630,米国株1630,13002,13402
1631,米国株1631,13402,13802
1632,米国株1632,13802,14202
1633,米国株1633,14202,14602
1634,米国株1634,13003,13403
1635,米国株1635,13403,13803
1636,米国株1636,13803,14203
1637,米国株1637,14203,14603
1638,米国株1638,13004,13404
1639,米国株1639,13404,13804
1640,米国株1640,13804,14204
1641,米国株1641,14204,14604
1642,米国株1642,13003,13403
1643,米国株1643,13403,13803
1644,米国株1644,13803,14203
1645,米国株1645,14203,14603
1646,米国株1646,13004,13404
1647,米国株1647,13404,13804
1648,米国株1648,13804,14204
1649,米国株1649,14204,14604
1650,米国株1650,13005,13405
1651,米国株1651,13405,13805
1652,米国株1652,13805,14205
1653,米国株1653,14205,14605
1654,米国株1654,13004,13404
1655,米国株1655,13404,13804
1656,米国株1656,13804,14204
1657,米国株1657,13003,13403
1658,米国株1658,13403,13803
1659,米国株1659,13803,14203
1660,米国株1660,14203,14603
1661,米国株1661,13004,13404
1662,米国株1662,13404,13804
1663,米国株1663,13804,14204
1664,米国株1664,14204,14604
1665,米国株1665,13005,13405
1666,米国株1666,13405,13805
1667,米国株1667,13805,14205
1668,米国株1668,14205,14605
1669,米国株1669,13004,13404
1670,米国株1670,13404,13804
1671,米国株1671,13804,14204
1672,米国株1672,14204,14604
1673,米国株1673,13005,13405
1674,米国株1674,13405,13805
1675,米国株1675,13805,14205
1676,米国株1676,14205,14605
1677,米国株1677,13006,13406
1678,米国株1678,13406,13806
1679,米国株1679,13806,14206
1680,米国株1680,14206,14606
1681,米国株1681,13005,13405
1682,米国株1682,13405,13805
1683,米国株1683,13805,14205
1684,米国株1684,13004,13404
1685,米国株1685,13404,13804
1686,米国株1686,13804,14204
1687,米国株1687,14204,14604
1688,米国株1688,13005,13405
1689,米国株1689,13405,13805
1690,米国株1690,13805,14205
1691,米国株1691,14205,14605
1692,米国株1692,13006,13406
1693,米国株1693,13406,13806
1694,米国株1694,13806,14206
1695,米国株1695,14206,14606
1696,米国株1696,13005,13405
1697,米国株1697,13405,13805
1698,米国株1698,13805,14205
1699,米国株1699,14205,14605
1700,米国株1700,13006,13406
1701,米国株1701,13406,13806
1702,米国株1702,13806,14206
1703,米国株1703,14206,14606
1704,米国株1704,13007,13407
1705,米国株1705,13407,13807
1706,米国株1706,13807,14207
1707,米国株1707,14207,14607
1708,米国株1708,13006,13406
1709,米国株1709,13406,13806
1710,米国株1710,13806,14206
1711,米国株1711,13005,13405
1712,米国株1712,13405,13805
1713,米国株1713,13805,14205
1714,米国株1714,14205,14605
1715,米国株1715,13006,13406
1716,米国株1716,13406,13806
1717,米国株1717,13806,14206
1718,米国株1718,14206,14606
1719,米国株1719,13007,13407
1720,米国株1720,13407,13807
1721,米国株1721,13807,14207
1722,米国株1722,14207,14607
1723,米国株1723,13006,13406
1724,米国株1724,13406,13806
1725,米国株1725,13806,14206
1726,米国株1726,14206,14606
1727,米国株1727,13007,13407
1728,米国株1728,13407,13807
1729,米国株1729,13807,14207
1730,米国株1730,14207,14607
1731,米国株1731,13008,13408
1732,米国株1732,13408,13808
1733,米国株1733,13808,14208
1734,米国株1734,14208,14608
1735,米国株1735,13007,13407
1736,米国株1736,13407,13807
1737,米国株1737,13807,14207
1738,米国株1738,13006,13406
1739,米国株1739,13406,13806
1740,米国株1740,13806,14206
1741,米国株1741,14206,14606
1742,米国株1742,13007,13407
1743,米国株1743,13407,13807
1744,米国株1744,13807,14207
1745,米国株1745,14207,14607
1746,米国株1746,13008,13408
1747,米国株1747,13408,13808
1748,米国株1748,13808,14208
1749,米国株1749,14208,14608
1750,米国株1750,13007,13407
1751,米国株1751,13407,13807
1752,米国株1752,13807,14207
1753,米国株1753,14207,14607
1754,米国株1754,13008,13408
1755,米国株1755,13408,13808
1756,米国株1756,13808,14208
1757,米国株1757,14208,14608
1758,米国株1758,13009,13409
1759,米国株1759,13409,13809
1760,米国株1760,13809,14209
1761,米国株1761,14209,14609
1762,米国株1762,13008,13408
1763,米国株1763,13408,13808
1764,米国株1764,13808,14208
1765,米国株1765,13007,13407
1766,米国株1766,13407,13807
1767,米国株1767,13807,14207
1768,米国株1768,14207,14607
1769,米国株1769,13008,13408
1770,米国株1770,13408,13808
1771,米国株1771,13808,14208
1772,米国株1772,14208,14608
1773,米国株1773,13009,13409
1774,米国株1774,13409,13809
1775,米国株1775,13809,14209
1776,米国株1776,14209,14609
1777,米国株1777,13008,13408
1778,米国株1778,13408,13808
1779,米国株1779,13808,14208
1780,米国株1780,14208,14608
1781,米国株1781,13009,13409
1782,米国株1782,13409,13809
1783,米国株1783,13809,14209
1784,米国株1784,14209,14609
1785,米国株1785,13010,13410
1786,米国株1786,13410,13810
1787,米国株1787,13810,14210
1788,米国株1788,14210,14610
1789,米国株1789,13009,13409
1790,米国株1790,13409,13809
1791,米国株1791,13809,14209
1792,米国株1792,13008,13408
1793,米国株1793,13408,13808
1794,米国株1794,13808,14208
1795,米国株1795,14208,14608
1796,米国株1796,13009,13409
1797,米国株1797,13409,13809
1798,米国株1798,13809,14209
1799,米国株1799,14209,14609
1800,米国株1800,13010,13410
1801,米国株1801,13410,13810
1802,米国株1802,13810,14210
1803,米国株1803,14210,14610
1804,米国株1804,13009,13409
1805,米国株1805,13409,13809
1806,米国株1806,13809,14209
1807,米国株1807,14209,14609
1808,米国株1808,13010,13410
1809,米国株1809,13410,13810
1810,米国株1810,13810,14210
1811,米国株1811,14210,14610
1812,米国株1812,13011,13411
1813,米国株1813,13411,13811
1814,米国株1814,13811,14211
1815,米国株1815,14211,14611
1816,米国株1816,13010,13410
1817,米国株1817,13410,13810
1818,米国株1818,13810,14210
1819,米国株1819,13009,13409
1820,米国株1820,13409,13809
1821,米国株1821,13809,14209
1822,米国株1822,14209,14609
1823,米国株1823,13010,13410
1824,米国株1824,13410,13810
1825,米国株1825,13810,14210
1826,米国株1826,14210,14610
1827,米国株1827,13011,13411
1828,米国株1828,13411,13811
1829,米国株1829,13811,14211
1830,米国株1830,14211,14611
1831,米国株1831,13010,13410
1832,米国株1832,13410,13810
1833,米国株1833,13810,14210
1834,米国株1834,14210,14610
1835,米国株1835,13011,13411
1836,米国株1836,13411,13811
1837,米国株1837,13811,14211
1838,米国株1838,14211,14611
1839,米国株1839,13012,13412
1840,米国株1840,13412,13812
1841,米国株1841,13812,14212
1842,米国株1842,14212,14612
1843,米国株1843,13011,13411
1844,米国株1844,13411,13811
1845,米国株1845,13811,14211
1846,米国株1846,13010,13410
1847,米国株1847,13410,13810
1848,米国株1848,13810,14210
1849,米国株1849,14210,14610
1850,米国株1850,13011,13411
1851,米国株1851,13411,13811
1852,米国株1852,13811,14211
1853,米国株1853,14211,14611
1854,米国株1854,13012,13412
1855,米国株1855,13412,13812
1856,米国株1856,13812,14212
1857,米国株1857,14212,14612
1858,米国株1858,13011,13411
1859,米国株1859,13411,13811
1860,米国株1860,13811,14211
1861,米国株1861,14211,14611
1862,米国株1862,13012,13412
1863,米国株1863,13412,13812
1864,米国株1864,13812,14212
1865,米国株1865,14212,14612
1866,米国株1866,13013,13413
1867,米国株1867,13413,13813
1868,米国株1868,13813,14213
1869,米国株1869,14213,14613
1870,米国株1870,13012,13412
1871,米国株1871,13412,13812
1872,米国株1872,13812,14212
1873,米国株1873,13011,13411
1874,米国株1874,13411,13811
1875,米国株1875,13811,14211
1876,米国株1876,14211,14611
1877,米国株1877,13012,13412
1878,米国株1878,13412,13812
1879,米国株1879,13812,14212
1880,米国株1880,14212,14612
1881,米国株1881,13013,13413
1882,米国株1882,13413,13813
1883,米国株1883,13813,14213
1884,米国株1884,14213,14613
1885,米国株1885,13012,13412
1886,米国株1886,13412,13812
1887,米国株1887,13812,14212
1888,米国株1888,14212,14612
1889,米国株1889,13013,13413
1890,米国株1890,13413,13813
1891,米国株1891,13813,14213
1892,米国株1892,14213,14613
1893,米国株1893,13014,13414
1894,米国株1894,13414,13814
1895,米国株1895,13814,14214
1896,米国株1896,14214,14614
1897,米国株1897,13013,13413
1898,米国株1898,13413,13813
1899,米国株1899,13813,14213
1900,米国株1900,13012,13412
1901,米国株1901,13412,13812
1902,米国株1902,13812,14212
1903,米国株1903,14212,14612
1904,米国株1904,13013,13413
1905,米国株1905,13413,13813
1906,米国株1906,13813,14213
1907,米国株1907,14213,14613
1908,米国株1908,13014,13414
1909,米国株1909,13414,13814
1910,米国株1910,13814,14214
1911,米国株1911,14214,14614
1912,米国株1912,13013,13413
1913,米国株1913,13413,13813
1914,米国株1914,13813,14213
1915,米国株1915,14213,14613
1916,米国株1916,13014,13414
1917,米国株1917,13414,13814
1918,米国株1918,13814,14214
1919,米国株1919,14214,14614
1920,米国株1920,13015,13415
1921,米国株1921,13415,13815
1922,米国株1922,13815,14215
1923,米国株1923,14215,14615
1924,米国株1924,13014,13414
1925,米国株1925,13414,13814
1926,米国株1926,13814,14214
1927,米国株1927,13013,13413
1928,米国株1928,13413,13813
1929,米国株1929,13813,14213
1930,米国株1930,14213,14613
1931,米国株1931,13014,13414
1932,米国株1932,13414,13814
1933,米国株1933,13814,14214
1934,米国株1934,14214,14614
1935,米国株1935,13015,13415
1936,米国株1936,13415,13815
1937,米国株1937,13815,14215
1938,米国株1938,14215,14615
1939,米国株1939,13014,13414
1940,米国株1940,13414,13814
1941,米国株1941,13814,14214
1942,米国株1942,14214,14614
1943,米国株1943,13015,13415
1944,米国株1944,13415,13815
1945,米国株1945,13815,14215
1946,米国株1946,14215,14615
1947,米国株1947,13016,13416
1948,米国株1948,13416,13816
1949,米国株1949,13816,14216
1950,米国株1950,14216,14616
1951,米国株1951,13015,13415
1952,米国株1952,13415,13815
1953,米国株1953,13815,14215
1954,米国株1954,13014,13414
1955,米国株1955,13414,13814
1956,米国株1956,13814,14214
1957,米国株1957,14214,14614
1958,米国株1958,13015,13415
1959,米国株1959,13415,13815
1960,米国株1960,13815,14215
1961,米国株1961,14215,14615
1962,米国株1962,13016,13416
1963,米国株1963,13416,13816
1964,米国株1964,13816,14216
1965,米国株1965,14216,14616
1966,米国株1966,13015,13415
1967,米国株1967,13415,13815
1968,米国株1968,13815,14215
1969,米国株1969,14215,14615
1970,米国株1970,13016,13416
1971,米国株1971,13416,13816
1972,米国株1972,13816,14216
1973,米国株1973,14216,14616
1974,米国株1974,13017,13417
1975,米国株1975,13417,13817
1976,米国株1976,13817,14217
1977,米国株1977,14217,14617
1978,米国株1978,13016,13416
1979,米国株1979,13416,13816
1980,米国株1980,13816,14216
1981,米国株1981,13015,13415
1982,米国株1982,13415,13815
1983,米国株1983,13815,14215
1984,米国株1984,14215,14615
1985,米国株1985,13016,13416
1986,米国株1986,13416,13816
1987,米国株1987,13816,14216
1988,米国株1988,14216,14616
1989,米国株1989,13017,13417
1990,米国株1990,13417,13817
1991,米国株1991,13495,13895
1992,米国株1992,13895,14395
1993,米国株1993,13496,13896
1994,米国株1994,13896,14396
1995,米国株1995,13497,13897
1996,米国株1996,13897,14397
1997,米国株1997,13498,13898
1998,米国株1998,13898,14398
1999,米国株1999,13499,13899
2000,米国株2000,13899,14399
2001,欧州株2001,13500,13900
2002,欧州株2002,13900,14400
2003,欧州株2003,13501,13901
2004,欧州株2004,13901,14401
2005,欧州株2005,13502,13902
2006,欧州株2006,13902,14402
2007,欧州株2007,13503,13903
2008,欧州株2008,13903,14403
2009,欧州株2009,13504,13904
2010,欧州株2010,13904,14404
2011,欧州株2011,13505,13905
2012,欧州株2012,13905,14405
2013,欧州株2013,13506,13906
2014,欧州株2014,13906,14406
2015,欧州株2015,13507,13907
2016,欧州株2016,13907,14407
2017,欧州株2017,13508,13908
2018,欧州株2018,13908,14408
2019,欧州株2019,13509,13909
2020,欧州株2020,13909,14409
2021,欧州株2021,13510,13910
2022,欧州株2022,13910,14410
2023,欧州株2023,13511,13911
2024,欧州株2024,13911,14411
2025,欧州株2025,13512,13912
2026,欧州株2026,13912,14412
2027,欧州株2027,13513,13913
2028,欧州株2028,13913,14413
2029,欧州株2029,13514,13914
2030,欧州株2030,13914,14414
2031,欧州株2031,13515,13915
2032,欧州株2032,13915,14415
2033,欧州株2033,13516,13916
2034,欧州株2034,13916,14416
2035,欧州株2035,13517,13917
2036,欧州株2036,13917,14417
2037,欧州株2037,13518,13918
2038,欧州株2038,13918,14418
2039,欧州株2039,13519,13919
2040,欧州株2040,13919,14419
2041,欧州株2041,13520,13920
2042,欧州株2042,13920,14420
2043,欧州株2043,13521,13921
2044,欧州株2044,13921,14421
2045,欧州株2045,13522,13922
2046,欧州株2046,13922,14422
2047,欧州株2047,13523,13923
2048,欧州株2048,13923,14423
2049,欧州株2049,13524,13924
2050,欧州株2050,13924,14424
2051,欧州株2051,13525,13925
2052,欧州株2052,13925,14425
2053,欧州株2053,13526,13926
2054,欧州株2054,13926,14426
2055,欧州株2055,13527,13927
2056,欧州株2056,13927,14427
2057,欧州株2057,13528,13928
2058,欧州株2058,13928,14428
2059,欧州株2059,13529,13929
2060,欧州株2060,13929,14429
2061,欧州株2061,13530,13930
2062,欧州株2062,13930,14430
2063,欧州株2063,13531,13931
2064,欧州株2064,13931,14431
2065,欧州株2065,13532,13932
2066,欧州株2066,13932,14432
2067,欧州株2067,13533,13933
2068,欧州株2068,13933,14433
2069,欧州株2069,13534,13934
2070,欧州株2070,13934,14434
2071,欧州株2071,13535,13935
2072,欧州株2072,13935,14435
2073,欧州株2073,13536,13936
2074,欧州株2074,13936,14436
2075,欧州株2075,13537,13937
2076,欧州株2076,13937,14437
2077,欧州株2077,13538,13938
2078,欧州株2078,13938,14438
2079,欧州株2079,13539,13939
2080,欧州株2080,13939,14439
2081,欧州株2081,13540,13940
2082,欧州株2082,13940,14440
2083,欧州株2083,13541,13941
2084,欧州株2084,13941,14441
2085,欧州株2085,13542,13942
2086,欧州株2086,13942,14442
2087,欧州株2087,13543,13943
2088,欧州株2088,13943,14443
2089,欧州株2089,13544,13944
2090,欧州株2090,13944,14444
2091,欧州株2091,13545,13945
2092,欧州株2092,13945,14445
2093,欧州株2093,13546,13946
2094,欧州株2094,13946,14446
2095,欧州株2095,13547,13947
2096,欧州株2096,13947,14447
2097,欧州株2097,13548,13948
2098,欧州株2098,13948,14448
2099,欧州株2099,13549,13949
2100,欧州株2100,13949,14449
2101,欧州株2101,13550,13950
2102,欧州株2102,13950,14450
2103,欧州株2103,13551,13951
2104,欧州株2104,13951,14451
2105,欧州株2105,13552,13952
2106,欧州株2106,13952,14452
2107,欧州株2107,13553,13953
2108,欧州株2108,13953,14453
2109,欧州株2109,13554,13954
2110,欧州株2110,13954,14454
2111,欧州株2111,13555,13955
2112,欧州株2112,13955,14455
2113,欧州株2113,13556,13956
2114,欧州株2114,13956,14456
2115,欧州株2115,13557,13957
2116,欧州株2116,13957,14457
2117,欧州株2117,13558,13958
2118,欧州株2118,13958,14458
2119,欧州株2119,13559,13959
2120,欧州株2120,13959,14459
2121,欧州株2121,13560,13960
2122,欧州株2122,13960,14460
2123,欧州株2123,13561,13961
2124,欧州株2124,13961,14461
2125,欧州株2125,13562,13962
2126,欧州株2126,13962,14462
2127,欧州株2127,13563,13963
2128,欧州株2128,13963,14463
2129,欧州株2129,13564,13964
2130,欧州株2130,13964,14464
2131,欧州株2131,13565,13965
2132,欧州株2132,13965,14465
2133,欧州株2133,13566,13966
2134,欧州株2134,13966,14466
2135,欧州株2135,13567,13967
2136,欧州株2136,13967,14467
2137,欧州株2137,13568,13968
2138,欧州株2138,13968,14468
2139,欧州株2139,13569,13969
2140,欧州株2140,13969,14469
2141,欧州株2141,13570,13970
2142,欧州株2142,13970,14470
2143,欧州株2143,13571,13971
2144,欧州株2144,13971,14471
2145,欧州株2145,13572,13972
2146,欧州株2146,13972,14472
2147,欧州株2147,13573,13973
2148,欧州株2148,13973,14473
2149,欧州株2149,13574,13974
2150,欧州株2150,13974,14474
2151,欧州株2151,13575,13975
2152,欧州株2152,13975,14475
2153,欧州株2153,13576,13976
2154,欧州株2154,13976,14476
2155,欧州株2155,13577,13977
2156,欧州株2156,13977,14477
2157,欧州株2157,13578,13978
2158,欧州株2158,13978,14478
2159,欧州株2159,13579,13979
2160,欧州株2160,13979,14479
2161,欧州株2161,13580,13980
2162,欧州株2162,13980,14480
2163,欧州株2163,13581,13981
2164,欧州株2164,13981,14481
2165,欧州株2165,13582,13982
2166,欧州株2166,13982,14482
2167,欧州株2167,13583,13983
2168,欧州株2168,13983,14483
2169,欧州株2169,13584,13984
2170,欧州株2170,13984,14484
2171,欧州株2171,13585,13985
2172,欧州株2172,13985,14485
2173,欧州株2173,13586,13986
2174,欧州株2174,13986,14486
2175,欧州株2175,13587,13987
2176,欧州株2176,13987,14487
2177,欧州株2177,13588,13988
2178,欧州株2178,13988,14488
2179,欧州株2179,13589,13989
2180,欧州株2180,13989,14489
2181,欧州株2181,13590,13990
2182,欧州株2182,13990,14490
2183,欧州株2183,13591,13991
2184,欧州株2184,13991,14491
2185,欧州株2185,13592,13992
2186,欧州株2186,13992,14492
2187,欧州株2187,13593,13993
2188,欧州株2188,13993,14493
2189,欧州株2189,13594,13994
2190,欧州株2190,13994,14494
2191,欧州株2191,13595,13995
2192,欧州株2192,13995,14495
2193,欧州株2193,13596,13996
2194,欧州株2194,13996,14496
2195,欧州株2195,13597,13997
2196,欧州株2196,13997,14497
2197,欧州株2197,13598,13998
2198,欧州株2198,13998,14498
2199,欧州株2199,13599,13999
2200,欧州株2200,13999,14499
2201,欧州株2201,13600,14000
2202,欧州株2202,14000,14500
2203,欧州株2203,13601,14001
2204,欧州株2204,14001,14501
2205,欧州株2205,13602,14002
2206,欧州株2206,14002,14502
2207,欧州株2207,13603,14003
2208,欧州株2208,14003,14503
2209,欧州株2209,13604,14004
2210,欧州株2210,14004,14504
2211,欧州株2211,13605,14005
2212,欧州株2212,14005,14505
2213,欧州株2213,13606,14006
2214,欧州株2214,14006,14506
2215,欧州株2215,13607,14007
2216,欧州株2216,14007,14507
2217,欧州株2217,13608,14008
2218,欧州株2218,14008,14508
2219,欧州株2219,13609,14009
2220,欧州株2220,14009,14509
2221,欧州株2221,13610,14010
2222,欧州株2222,14010,14510
2223,欧州株2223,13611,14011
2224,欧州株2224,14011,14511
2225,欧州株2225,13612,14012
2226,欧州株2226,14012,14512
2227,欧州株2227,13613,14013
2228,欧州株2228,14013,14513
2229,欧州株2229,13614,14014
2230,欧州株2230,14014,14514
2231,欧州株2231,13615,14015
2232,欧州株2232,14015,14515
2233,欧州株2233,13616,14016
2234,欧州株2234,14016,14516
2235,欧州株2235,13617,14017
2236,欧州株2236,14017,14517
2237,欧州株2237,13618,14018
2238,欧州株2238,14018,14518
2239,欧州株2239,13619,14019
2240,欧州株2240,14019,14519
2241,欧州株2241,13620,14020
2242,欧州株2242,14020,14520
2243,欧州株2243,13621,14021
2244,欧州株2244,14021,14521
2245,欧州株2245,13622,14022
2246,欧州株2246,14022,14522
2247,欧州株2247,13623,14023
2248,欧州株2248,14023,14523
2249,欧州株2249,13624,14024
2250,欧州株2250,14024,14524
2251,欧州株2251,13625,14025
2252,欧州株2252,14025,14525
2253,欧州株2253,13626,14026
2254,欧州株2254,14026,14526
2255,欧州株2255,13627,14027
2256,欧州株2256,14027,14527
2257,欧州株2257,13628,14028
2258,欧州株2258,14028,14528
2259,欧州株2259,13629,14029
2260,欧州株2260,14029,14529
2261,欧州株2261,13630,14030
2262,欧州株2262,14030,14530
2263,欧州株2263,13631,14031
2264,欧州株2264,14031,14531
2265,欧州株2265,13632,14032
2266,欧州株2266,14032,14532
2267,欧州株2267,13633,14033
2268,欧州株2268,14033,14533
2269,欧州株2269,13634,14034
2270,欧州株2270,14034,14534
2271,欧州株2271,13635,14035
2272,欧州株2272,14035,14535
2273,欧州株2273,13636,14036
2274,欧州株2274,14036,14536
2275,欧州株2275,13637,14037
2276,欧州株2276,14037,14537
2277,欧州株2277,13638,14038
2278,欧州株2278,14038,14538
2279,欧州株2279,13639,14039
2280,欧州株2280,14039,14539
2281,欧州株2281,13640,14040
2282,欧州株2282,14040,14540
2283,欧州株2283,13641,14041
2284,欧州株2284,14041,14541
2285,欧州株2285,13642,14042
2286,欧州株2286,14042,14542
2287,欧州株2287,13643,14043
2288,欧州株2288,14043,14543
2289,欧州株2289,13644,14044
2290,欧州株2290,14044,14544
2291,欧州株2291,13645,14045
2292,欧州株2292,14045,14545
2293,欧州株2293,13646,14046
2294,欧州株2294,14046,14546
2295,欧州株2295,13647,14047
2296,欧州株2296,14047,14547
2297,欧州株2297,13648,14048
2298,欧州株2298,14048,14548
2299,欧州株2299,13649,14049
2300,欧州株2300,14049,14549
2301,欧州株2301,13650,14050
2302,欧州株2302,14050,14550
2303,欧州株2303,13651,14051
2304,欧州株2304,14051,14551
2305,欧州株2305,13652,14052
2306,欧州株2306,14052,14552
2307,欧州株2307,13653,14053
2308,欧州株2308,14053,14553
2309,欧州株2309,13654,14054
2310,欧州株2310,14054,14554
2311,欧州株2311,13655,14055
2312,欧州株2312,14055,14555
2313,欧州株2313,13656,14056
2314,欧州株2314,14056,14556
2315,欧州株2315,13657,14057
2316,欧州株2316,14057,14557
2317,欧州株2317,13658,14058
2318,欧州株2318,14058,14558
2319,欧州株2319,13659,14059
2320,欧州株2320,14059,14559
2321,欧州株2321,13660,14060
2322,欧州株2322,14060,14560
2323,欧州株2323,13661,14061
2324,欧州株2324,14061,14561
2325,欧州株2325,13662,14062
2326,欧州株2326,14062,14562
2327,欧州株2327,13663,14063
2328,欧州株2328,14063,14563
2329,欧州株2329,13664,14064
2330,欧州株2330,14064,14564
2331,欧州株2331,13665,14065
2332,欧州株2332,14065,14565
2333,欧州株2333,13666,14066
2334,欧州株2334,14066,14566
2335,欧州株2335,13667,14067
2336,欧州株2336,14067,14567
2337,欧州株2337,13668,14068
2338,欧州株2338,14068,14568
2339,欧州株2339,13669,14069
2340,欧州株2340,14069,14569
2341,欧州株2341,13670,14070
2342,欧州株2342,14070,14570
2343,欧州株2343,13671,14071
2344,欧州株2344,14071,14571
2345,欧州株2345,13672,14072
2346,欧州株2346,14072,14572
2347,欧州株2347,13673,14073
2348,欧州株2348,14073,14573
2349,欧州株2349,13674,14074
2350,欧州株2350,14074,14574
2351,欧州株2351,13675,14075
2352,欧州株2352,14075,14575
2353,欧州株2353,13676,14076
2354,欧州株2354,14076,14576
2355,欧州株2355,13677,14077
2356,欧州株2356,14077,14577
2357,欧州株2357,13678,14078
2358,欧州株2358,14078,14578
2359,欧州株2359,13679,14079
2360,欧州株2360,14079,14579
2361,欧州株2361,13680,14080
2362,欧州株2362,14080,14580
2363,欧州株2363,13681,14081
2364,欧州株2364,14081,14581
2365,欧州株2365,13682,14082
2366,欧州株2366,14082,14582
2367,欧州株2367,13683,14083
2368,欧州株2368,14083,14583
2369,欧州株2369,13684,14084
2370,欧州株2370,14084,14584
2371,欧州株2371,13685,14085
2372,欧州株2372,14085,14585
2373,欧州株2373,13686,14086
2374,欧州株2374,14086,14586
2375,欧州株2375,13687,14087
2376,欧州株2376,14087,14587
2377,欧州株2377,13688,14088
2378,欧州株2378,14088,14588
2379,欧州株2379,13689,14089
2380,欧州株2380,14089,14589
2381,欧州株2381,13690,14090
2382,欧州株2382,14090,14590
2383,欧州株2383,13691,14091
2384,欧州株2384,14091,14591
2385,欧州株2385,13692,14092
2386,欧州株2386,14092,14592
2387,欧州株2387,13693,14093
2388,欧州株2388,14093,14593
2389,欧州株2389,13694,14094
2390,欧州株2390,14094,14594
2391,欧州株2391,13695,14095
2392,欧州株2392,14095,14595
2393,欧州株2393,13696,14096
2394,欧州株2394,14096,14596
2395,欧州株2395,13697,14097
2396,欧州株2396,14097,14597
2397,欧州株2397,13698,14098
2398,欧州株2398,14098,14598
2399,欧州株2399,13699,14099
2400,欧州株2400,14099,14599
2401,欧州株2401,13700,14100
2402,欧州株2402,14100,14600
2403,欧州株2403,13701,14101
2404,欧州株2404,14101,14601
2405,欧州株2405,13702,14102
2406,欧州株2406,14102,14602
2407,欧州株2407,13703,14103
2408,欧州株2408,14103,14603
2409,欧州株2409,13704,14104
2410,欧州株2410,14104,14604
2411,欧州株2411,13705,14105
2412,欧州株2412,14105,14605
2413,欧州株2413,13706,14106
2414,欧州株2414,14106,14606
2415,欧州株2415,13707,14107
2416,欧州株2416,14107,14607
2417,欧州株2417,13708,14108
2418,欧州株2418,14108,14608
2419,欧州株2419,13709,14109
2420,欧州株2420,14109,14609
2421,欧州株2421,13710,14110
2422,欧州株2422,14110,14610
2423,欧州株2423,13711,14111
2424,欧州株2424,14111,14611
2425,欧州株2425,13712,14112
2426,欧州株2426,14112,14612
2427,欧州株2427,13713,14113
2428,欧州株2428,14113,14613
2429,欧州株2429,13714,14114
2430,欧州株2430,14114,14614
2431,欧州株2431,13715,14115
2432,欧州株2432,14115,14615
2433,欧州株2433,13716,14116
2434,欧州株2434,14116,14616
2435,欧州株2435,13717,14117
2436,欧州株2436,14117,14617
2437,欧州株2437,13718,14118
2438,欧州株2438,14118,14618
2439,欧州株2439,13719,14119
2440,欧州株2440,14119,14619
2441,欧州株2441,13720,14120
2442,欧州株2442,14120,14620
2443,欧州株2443,13721,14121
2444,欧州株2444,14121,14621
2445,欧州株2445,13722,14122
2446,欧州株2446,14122,14622
2447,欧州株2447,13723,14123
2448,欧州株2448,14123,14623
2449,欧州株2449,13724,14124
2450,欧州株2450,14124,14624
2451,欧州株2451,13725,14125
2452,欧州株2452,14125,14625
2453,欧州株2453,13726,14126
2454,欧州株2454,14126,14626
2455,欧州株2455,13727,14127
2456,欧州株2456,14127,14627
2457,欧州株2457,13728,14128
2458,欧州株2458,14128,14628
2459,欧州株2459,13729,14129
2460,欧州株2460,14129,14629
2461,欧州株2461,13730,14130
2462,欧州株2462,14130,14630
2463,欧州株2463,13731,14131
2464,欧州株2464,14131,14631
2465,欧州株2465,13732,14132
2466,欧州株2466,14132,14632
2467,欧州株2467,13733,14133
2468,欧州株2468,14133,14633
2469,欧州株2469,13734,14134
2470,欧州株2470,14134,14634
2471,欧州株2471,13735,14135
2472,欧州株2472,14135,14635
2473,欧州株2473,13736,14136
2474,欧州株2474,14136,14636
2475,欧州株2475,13737,14137
2476,欧州株2476,14137,14637
2477,欧州株2477,13738,14138
2478,欧州株2478,14138,14638
2479,欧州株2479,13739,14139
2480,欧州株2480,14139,14639
2481,欧州株2481,13740,14140
2482,欧州株2482,14140,14640
2483,欧州株2483,13741,14141
2484,欧州株2484,14141,14641
2485,欧州株2485,13742,14142
2486,欧州株2486,14142,14642
2487,欧州株2487,13743,14143
2488,欧州株2488,14143,14643
2489,欧州株2489,13744,14144
2490,欧州株2490,14144,14644
2491,欧州株2491,13745,14145
2492,欧州株2492,14145,14645
2493,欧州株2493,13746,14146
2494,欧州株2494,14146,14646
2495,欧州株2495,13747,14147
2496,欧州株2496,14147,14647
2497,欧州株2497,13748,14148
2498,欧州株2498,14148,14648
2499,欧州株2499,13749,14149
2500,欧州株2500,14149,14649
2501,欧州株2501,13750,14150
2502,欧州株2502,14150,14650
2503,欧州株2503,13751,14151
2504,欧州株2504,14151,14651
2505,欧州株2505,13752,14152
2506,欧州株2506,14152,14652
2507,欧州株2507,13753,14153
2508,欧州株2508,14153,14653
2509,欧州株2509,13754,14154
2510,欧州株2510,14154,14654
2511,欧州株2511,13755,14155
2512,欧州株2512,14155,14655
2513,欧州株2513,13756,14156
2514,欧州株2514,14156,14656
2515,欧州株2515,13757,14157
2516,欧州株2516,14157,14657
2517,欧州株2517,13758,14158
2518,欧州株2518,14158,14658
2519,欧州株2519,13759,14159
2520,欧州株2520,14159,14659
2521,欧州株2521,13760,14160
2522,欧州株2522,14160,14660
2523,欧州株2523,13761,14161
2524,欧州株2524,14161,14661
2525,欧州株2525,13762,14162
2526,欧州株2526,14162,14662
2527,欧州株2527,13763,14163
2528,欧州株2528,14163,14663
2529,欧州株2529,13764,14164
2530,欧州株2530,14164,14664
2531,欧州株2531,13765,14165
2532,欧州株2532,14165,14665
2533,欧州株2533,13766,14166
2534,欧州株2534,14166,14666
2535,欧州株2535,13767,14167
2536,欧州株2536,14167,14667
2537,欧州株2537,13768,14168
2538,欧州株2538,14168,14668
2539,欧州株2539,13769,14169
2540,欧州株2540,14169,14669
2541,欧州株2541,13770,14170
2542,欧州株2542,14170,14670
2543,欧州株2543,13771,14171
2544,欧州株2544,14171,14671
2545,欧州株2545,13772,14172
2546,欧州株2546,14172,14672
2547,欧州株2547,13773,14173
2548,欧州株2548,14173,14673
2549,欧州株2549,13774,14174
2550,欧州株2550,14174,14674
2551,欧州株2551,13775,14175
2552,欧州株2552,14175,14675
2553,欧州株2553,13776,14176
2554,欧州株2554,14176,14676
2555,欧州株2555,13777,14177
2556,欧州株2556,14177,14677
2557,欧州株2557,13778,14178
2558,欧州株2558,14178,14678
2559,欧州株2559,13779,14179
2560,欧州株2560,14179,14679
2561,欧州株2561,13780,14180
2562,欧州株2562,14180,14680
2563,欧州株2563,13781,14181
2564,欧州株2564,14181,14681
2565,欧州株2565,13782,14182
2566,欧州株2566,14182,14682
2567,欧州株2567,13783,14183
2568,欧州株2568,14183,14683
2569,欧州株2569,13784,14184
2570,欧州株2570,14184,14684
2571,欧州株2571,13785,14185
2572,欧州株2572,14185,14685
2573,欧州株2573,13786,14186
2574,欧州株2574,14186,14686
2575,欧州株2575,13787,14187
2576,欧州株2576,14187,14687
2577,欧州株2577,13788,14188
2578,欧州株2578,14188,14688
2579,欧州株2579,13789,14189
2580,欧州株2580,14189,14689
2581,欧州株2581,13790,14190
2582,欧州株2582,14190,14690
2583,欧州株2583,13791,14191
2584,欧州株2584,14191,14691
2585,欧州株2585,13792,14192
2586,欧州株2586,14192,14692
2587,欧州株2587,13793,14193
2588,欧州株2588,14193,14693
2589,欧州株2589,13794,14194
2590,欧州株2590,14194,14694
2591,欧州株2591,13795,14195
2592,欧州株2592,14195,14695
2593,欧州株2593,13796,14196
2594,欧州株2594,14196,14696
2595,欧州株2595,13797,14197
2596,欧州株2596,14197,14697
2597,欧州株2597,13798,14198
2598,欧州株2598,14198,14698
2599,欧州株2599,13799,14199
2600,欧州株2600,14199,14699
2601,欧州株2601,13800,14200
2602,欧州株2602,14200,14700
2603,欧州株2603,13801,14201
2604,欧州株2604,14201,14701
2605,欧州株2605,13802,14202
2606,欧州株2606,14202,14702
2607,欧州株2607,13803,14203
2608,欧州株2608,14203,14703
2609,欧州株2609,13804,14204
2610,欧州株2610,14204,14704
2611,欧州株2611,13805,14205
2612,欧州株2612,14205,14705
2613,欧州株2613,13806,14206
2614,欧州株2614,14206,14706
2615,欧州株2615,13807,14207
2616,欧州株2616,14207,14707
2617,欧州株2617,13808,14208
2618,欧州株2618,14208,14708
2619,欧州株2619,13809,14209
2620,欧州株2620,14209,14709
2621,欧州株2621,13810,14210
2622,欧州株2622,14210,14710
2623,欧州株2623,13811,14211
2624,欧州株2624,14211,14711
2625,欧州株2625,13812,14212
2626,欧州株2626,14212,14712
2627,欧州株2627,13813,14213
2628,欧州株2628,14213,14713
2629,欧州株2629,13814,14214
2630,欧州株2630,14214,14714
2631,欧州株2631,13815,14215
2632,欧州株2632,14215,14715
2633,欧州株2633,13816,14216
2634,欧州株2634,14216,14716
2635,欧州株2635,13817,14217
2636,欧州株2636,14217,14717
2637,欧州株2637,13818,14218
2638,欧州株2638,14218,14718
2639,欧州株2639,13819,14219
2640,欧州株2640,14219,14719
2641,欧州株2641,13820,14220
2642,欧州株2642,14220,14720
2643,欧州株2643,13821,14221
2644,欧州株2644,14221,14721
2645,欧州株2645,13822,14222
2646,欧州株2646,14222,14722
2647,欧州株2647,13823,14223
2648,欧州株2648,14223,14723
2649,欧州株2649,13824,14224
2650,欧州株2650,14224,14724
2651,欧州株2651,13825,14225
2652,欧州株2652,14225,14725
2653,欧州株2653,13826,14226
2654,欧州株2654,14226,14726
2655,欧州株2655,13827,14227
2656,欧州株2656,14227,14727
2657,欧州株2657,13828,14228
2658,欧州株2658,14228,14728
2659,欧州株2659,13829,14229
2660,欧州株2660,14229,14729
2661,欧州株2661,13830,14230
2662,欧州株2662,14230,14730
2663,欧州株2663,13831,14231
2664,欧州株2664,14231,14731
2665,欧州株2665,13832,14232
2666,欧州株2666,14232,14732
2667,欧州株2667,13833,14233
2668,欧州株2668,14233,14733
2669,欧州株2669,13834,14234
2670,欧州株2670,14234,14734
2671,欧州株2671,13835,14235
2672,欧州株2672,14235,14735
2673,欧州株2673,13836,14236
2674,欧州株2674,14236,14736
2675,欧州株2675,13837,14237
2676,欧州株2676,14237,14737
2677,欧州株2677,13838,14238
2678,欧州株2678,14238,14738
2679,欧州株2679,13839,14239
2680,欧州株2680,14239,14739
2681,欧州株2681,13840,14240
2682,欧州株2682,14240,14740
2683,欧州株2683,13841,14241
2684,欧州株2684,14241,14741
2685,欧州株2685,13842,14242
2686,欧州株2686,14242,14742
2687,欧州株2687,13843,14243
2688,欧州株2688,14243,14743
2689,欧州株2689,13844,14244
2690,欧州株2690,14244,14744
2691,欧州株2691,13845,14245
2692,欧州株2692,14245,14745
2693,欧州株2693,13846,14246
2694,欧州株2694,14246,14746
2695,欧州株2695,13847,14247
2696,欧州株2696,14247,14747
2697,欧州株2697,13848,14248
2698,欧州株2698,14248,14748
2699,欧州株2699,13849,14249
2700,欧州株2700,14249,14749
2701,欧州株2701,13850,14250
2702,欧州株2702,14250,14750
2703,欧州株2703,13851,14251
2704,欧州株2704,14251,14751
2705,欧州株2705,13852,14252
2706,欧州株2706,14252,14752
2707,欧州株2707,13853,14253
2708,欧州株2708,14253,14753
2709,欧州株2709,13854,14254
2710,欧州株2710,14254,14754
2711,欧州株2711,13855,14255
2712,欧州株2712,14255,14755
2713,欧州株2713,13856,14256
2714,欧州株2714,14256,14756
2715,欧州株2715,13857,14257
2716,欧州株2716,14257,14757
2717,欧州株2717,13858,14258
2718,欧州株2718,14258,14758
2719,欧州株2719,13859,14259
2720,欧州株2720,14259,14759
2721,欧州株2721,13860,14260
2722,欧州株2722,14260,14760
2723,欧州株2723,13861,14261
2724,欧州株2724,14261,14761
2725,欧州株2725,13862,14262
2726,欧州株2726,14262,14762
2727,欧州株2727,13863,14263
2728,欧州株2728,14263,14763
2729,欧州株2729,13864,14264
2730,欧州株2730,14264,14764
2731,欧州株2731,13865,14265
2732,欧州株2732,14265,14765
2733,欧州株2733,13866,14266
2734,欧州株2734,14266,14766
2735,欧州株2735,13867,14267
2736,欧州株2736,14267,14767
2737,欧州株2737,13868,14268
2738,欧州株2738,14268,14768
2739,欧州株2739,13869,14269
2740,欧州株2740,14269,14769
2741,欧州株2741,13870,14270
2742,欧州株2742,14270,14770
2743,欧州株2743,13871,14271
2744,欧州株2744,14271,14771
2745,欧州株2745,13872,14272
2746,欧州株2746,14272,14772
2747,欧州株2747,13873,14273
2748,欧州株2748,14273,14773
2749,欧州株2749,13874,14274
2750,欧州株2750,14274,14774
2751,欧州株2751,13875,14275
2752,欧州株2752,14275,14775
2753,欧州株2753,13876,14276
2754,欧州株2754,14276,14776
2755,欧州株2755,13877,14277
2756,欧州株2756,14277,14777
2757,欧州株2757,13878,14278
2758,欧州株2758,14278,14778
2759,欧州株2759,13879,14279
2760,欧州株2760,14279,14779
2761,欧州株2761,13880,14280
2762,欧州株2762,14280,14780
2763,欧州株2763,13881,14281
2764,欧州株2764,14281,14781
2765,欧州株2765,13882,14282
2766,欧州株2766,14282,14782
2767,欧州株2767,13883,14283
2768,欧州株2768,14283,14783
2769,欧州株2769,13884,14284
2770,欧州株2770,14284,14784
2771,欧州株2771,13885,14285
2772,欧州株2772,14285,14785
2773,欧州株2773,13886,14286
2774,欧州株2774,14286,14786
2775,欧州株2775,13887,14287
2776,欧州株2776,14287,14787
2777,欧州株2777,13888,14288
2778,欧州株2778,14288,14788
2779,欧州株2779,13889,14289
2780,欧州株2780,14289,14789
2781,欧州株2781,13890,14290
2782,欧州株2782,14290,14790
2783,欧州株2783,13891,14291
2784,欧州株2784,14291,14791
2785,欧州株2785,13892,14292
2786,欧州株2786,14292,14792
2787,欧州株2787,13893,14293
2788,欧州株2788,14293,14793
2789,欧州株2789,13894,14294
2790,欧州株2790,14294,14794
2791,欧州株2791,13895,14295
2792,欧州株2792,14295,14795
2793,欧州株2793,13896,14296
2794,欧州株2794,14296,14796
2795,欧州株2795,13897,14297
2796,欧州株2796,14297,14797
2797,欧州株2797,13898,14298
2798,欧州株2798,14298,14798
2799,欧州株2799,13899,14299
2800,欧州株2800,14299,14799
2801,欧州株2801,13900,14300
2802,欧州株2802,14300,14800
2803,欧州株2803,13901,14301
2804,欧州株2804,14301,14801
2805,欧州株2805,13902,14302
2806,欧州株2806,14302,14802
2807,欧州株2807,13903,14303
2808,欧州株2808,14303,14803
2809,欧州株2809,13904,14304
2810,欧州株2810,14304,14804
2811,欧州株2811,13905,14305
2812,欧州株2812,14305,14805
2813,欧州株2813,13906,14306
2814,欧州株2814,14306,14806
2815,欧州株2815,13907,14307
2816,欧州株2816,14307,14807
2817,欧州株2817,13908,14308
2818,欧州株2818,14308,14808
2819,欧州株2819,13909,14309
2820,欧州株2820,14309,14809
2821,欧州株2821,13910,14310
2822,欧州株2822,14310,14810
2823,欧州株2823,13911,14311
2824,欧州株2824,14311,14811
2825,欧州株2825,13912,14312
2826,欧州株2826,14312,14812
2827,欧州株2827,13913,14313
2828,欧州株2828,14313,14813
2829,欧州株2829,13914,14314
2830,欧州株2830,14314,14814
2831,欧州株2831,13915,14315
2832,欧州株2832,14315,14815
2833,欧州株2833,13916,14316
2834,欧州株2834,14316,14816
2835,欧州株2835,13917,14317
2836,欧州株2836,14317,14817
2837,欧州株2837,13918,14318
2838,欧州株2838,14318,14818
2839,欧州株2839,13919,14319
2840,欧州株2840,14319,14819
2841,欧州株2841,13920,14320
2842,欧州株2842,14320,14820
2843,欧州株2843,13921,14321
2844,欧州株2844,14321,14821
2845,欧州株2845,13922,14322
2846,欧州株2846,14322,14822
2847,欧州株2847,13923,14323
2848,欧州株2848,14323,14823
2849,欧州株2849,13924,14324
2850,欧州株2850,14324,14824
2851,欧州株2851,13925,14325
2852,欧州株2852,14325,14825
2853,欧州株2853,13926,14326
2854,欧州株2854,14326,14826
2855,欧州株2855,13927,14327
2856,欧州株2856,14327,14827
2857,欧州株2857,13928,14328
2858,欧州株2858,14328,14828
2859,欧州株2859,13929,14329
2860,欧州株2860,14329,14829
2861,欧州株2861,13930,14330
2862,欧州株2862,14330,14830
2863,欧州株2863,13931,14331
2864,欧州株2864,14331,14831
2865,欧州株2865,13932,14332
2866,欧州株2866,14332,14832
2867,欧州株2867,13933,14333
2868,欧州株2868,14333,14833
2869,欧州株2869,13934,14334
2870,欧州株2870,14334,14834
2871,欧州株2871,13935,14335
2872,欧州株2872,14335,14835
2873,欧州株2873,13936,14336
2874,欧州株2874,14336,14836
2875,欧州株2875,13937,14337
2876,欧州株2876,14337,14837
2877,欧州株2877,13938,14338
2878,欧州株2878,14338,14838
2879,欧州株2879,13939,14339
2880,欧州株2880,14339,14839
2881,欧州株2881,13940,14340
2882,欧州株2882,14340,14840
2883,欧州株2883,13941,14341
2884,欧州株2884,14341,14841
2885,欧州株2885,13942,14342
2886,欧州株2886,14342,14842
2887,欧州株2887,13943,14343
2888,欧州株2888,14343,14843
2889,欧州株2889,13944,14344
2890,欧州株2890,14344,14844
2891,欧州株2891,13945,14345
2892,欧州株2892,14345,14845
2893,欧州株2893,13946,14346
2894,欧州株2894,14346,14846
2895,欧州株2895,13947,14347
2896,欧州株2896,14347,14847
2897,欧州株2897,13948,14348
2898,欧州株2898,14348,14848
2899,欧州株2899,13949,14349
2900,欧州株2900,14349,14849
2901,欧州株2901,13950,14350
2902,欧州株2902,14350,14850
2903,欧州株2903,13951,14351
2904,欧州株2904,14351,14851
2905,欧州株2905,13952,14352
2906,欧州株2906,14352,14852
2907,欧州株2907,13953,14353
2908,欧州株2908,14353,14853
2909,欧州株2909,13954,14354
2910,欧州株2910,14354,14854
2911,欧州株2911,13955,14355
2912,欧州株2912,14355,14855
2913,欧州株2913,13956,14356
2914,欧州株2914,14356,14856
2915,欧州株2915,13957,14357
2916,欧州株2916,14357,14857
2917,欧州株2917,13958,14358
2918,欧州株2918,14358,14858
2919,欧州株2919,13959,14359
2920,欧州株2920,14359,14859
2921,欧州株2921,13960,14360
2922,欧州株2922,14360,14860
2923,欧州株2923,13961,14361
2924,欧州株2924,14361,14861
2925,欧州株2925,13962,14362
2926,欧州株2926,14362,14862
2927,欧州株2927,13963,14363
2928,欧州株2928,14363,14863
2929,欧州株2929,13964,14364
2930,欧州株2930,14364,14864
2931,欧州株2931,13965,14365
2932,欧州株2932,14365,14865
2933,欧州株2933,13966,14366
2934,欧州株2934,14366,14866
2935,欧州株2935,13967,14367
2936,欧州株2936,14367,14867
2937,欧州株2937,13968,14368
2938,欧州株2938,14368,14868
2939,欧州株2939,13969,14369
2940,欧州株2940,14369,14869
2941,欧州株2941,13970,14370
2942,欧州株2942,14370,14870
2943,欧州株2943,13971,14371
2944,欧州株2944,14371,14871
2945,欧州株2945,13972,14372
2946,欧州株2946,14372,14872
2947,欧州株2947,13973,14373
2948,欧州株2948,14373,14873
2949,欧州株2949,13974,14374
2950,欧州株2950,14374,14874
2951,欧州株2951,13975,14375
2952,欧州株2952,14375,14875
2953,欧州株2953,13976,14376
2954,欧州株2954,14376,14876
2955,欧州株2955,13977,14377
2956,欧州株2956,14377,14877
2957,欧州株2957,13978,14378
2958,欧州株2958,14378,14878
2959,欧州株2959,13979,14379
2960,欧州株2960,14379,14879
2961,欧州株2961,13980,14380
2962,欧州株2962,14380,14880
2963,欧州株2963,13981,14381
2964,欧州株2964,14381,14881
2965,欧州株2965,13982,14382
2966,欧州株2966,14382,14882
2967,欧州株2967,13983,14383
2968,欧州株2968,14383,14883
2969,欧州株2969,13984,14384
2970,欧州株2970,14384,14884
2971,欧州株2971,13985,14385
2972,欧州株2972,14385,14885
2973,欧州株2973,13986,14386
2974,欧州株2974,14386,14886
2975,欧州株2975,13987,14387
2976,欧州株2976,14387,14887
2977,欧州株2977,13988,14388
2978,欧州株2978,14388,14888
2979,欧州株2979,13989,14389
2980,欧州株2980,14389,14889
2981,欧州株2981,13990,14390
2982,欧州株2982,14390,14890
2983,欧州株2983,13991,14391
2984,欧州株2984,14391,14891
2985,欧州株2985,13992,14392
2986,欧州株2986,14392,14892
2987,欧州株2987,13993,14393
2988,欧州株2988,14393,14893
2989,欧州株2989,13994,14394
2990,欧州株2990,14394,14894
2991,欧州株2991,13995,14395
2992,欧州株2992,14395,14895
2993,欧州株2993,13996,14396
2994,欧州株2994,14396,14896
2995,欧州株2995,13997,14397
2996,欧州株2996,14397,14897
2997,欧州株2997,13998,14398
2998,欧州株2998,14398,14898
2999,欧州株2999,13999,14399
3000,欧州株3000,14399,14899